Company;Position;Rate;ApplicationDate;Status;StausDate;Note;Link
Zocalo Health; Senior Software Engineer; 170-180k; 5/5/26;Open; 5/5/26;; https://www.glassdoor.com/job-listing/senior-software-engineer-z%C3%B3calo-health-JV_KO0,24_KE25,38.htm?jl=1010122825330&utm_source=jobalert&utm_medium=email&utm_content=ja-jobpos11-agejp-1010122825330&utm_campaign=jobAlertAlert&tgt=GD_JOB_VIEW&src=GD_JOB_AD&uido=7A57A36BECDA9E413E76BB41CD0D8A0B&ao=1136043&jrtk=5-yul1-0-1jnqer4dgjn2o800-8270c41f936f7bd2&cs=1_e9e516d3&s=224&t=JA&pos=111&ja=380629936&guid=0000019df47063f2a099397b9f9f182b&jobListingId=1010122825330&vt=e&cb=1777930703675&ctt=1777942039726&srs=EMAIL_JOB_ALERT&gdir=1
Precision Technologies; .NET Developer (Full-Time) She Returns e invite applications; ; 5/5/26;Open; 5/5/26;; https://www.linkedin.com/jobs/view/4409346759/?skipRedirect=true
Foley; Senior Software Engineer, Backend; ; 5/5/26;Open; 5/5/26;; https://jobright.ai/jobs/info/69d01f6fcdb525785fba7763?utm_source=1025&imp_id=3673496432511879909__digest_job_alert__1777998430221_6541&utm_medium=email
Integra Connect; Sr. Software Engineer - Cobol; 90-100k; 5/5/26;Open; 5/5/26;; https://jobright.ai/jobs/info/69fa1f57db88714bcdfc1410?utm_source=1121&imp_id=3673496432511879909__instant_push__1778009106395_3621&utm_medium=email
Eimagine; Senior Software Engineer - .NET; ; 5/5/26;Open; 5/5/26;; https://jobright.ai/jobs/info/69fa282fb1fc847fc1aee899?utm_source=1121&imp_id=3673496432511879909__instant_push__1778009106395_3621&utm_medium=email
Baylor Genetics; Sr. Software Engineer; ; 5/5/26;Open; 5/5/26;; https://www.linkedin.com/jobs/view/4401016171/?skipRedirect=true&trackingId=yuDbnToUxj4ll12I7kawsA%3D%3D&refId=Qm2MC%2BhkS%2FE6zfuHvhVgEw%3D%3D&midToken=AQE_3XQkBAKpjA&midSig=3JZ-i8tw7AaYg1&trk=eml-email_job_alert_digest_01-primary_job_list-0-jobcard_body_0_jobid_4401016171_ssid_14583149772_fmid_mw6pip~mot1j9g8~y8&trkEmail=eml-email_job_alert_digest_01-primary_job_list-0-jobcard_body_0_jobid_4401016171_ssid_14583149772_fmid_mw6pip~mot1j9g8~y8-null-mw6pip~mot1j9g8~y8-null-null&eid=mw6pip-mot1j9g8-y8&otpToken=MTMwNjE2ZTQxMTJmY2ZjMWJkMmQwZmViNDExOWVmYjQ4ZWNlZDQ0OTlhYTY4ODZmN2JkYTAyNmU0ODVlNTlmMGZlZDRkY2ViMThlNmZkYzAwZTllZDdjNTBiOGU3ZTI4YmQ4YzgzMjBjZTI3OGZhOWU2ODVmYzMxYzcsMSwx
Geonetric; Software Developer; 65-115k; 5/7/26; Rejected; 5/22/2026;; https://www.dice.com/job-detail/88d72f5e-2d54-4a31-8e12-2f9b702e3b9b
Y&L Consulting Inc,; Senior Software Developer (backend); ; 5/7/26;Open; 5/7/26;; https://www.dice.com/job-detail/a4d68d2e-1029-45ba-a78a-10e19bd58fca
Kendall Group; Software Engineer; 66112k; 5/7/26;Open; 5/7/26;; https://www.glassdoor.com/job-listing/software-engineer-iris-ia-JV_IC1144394_KO0,17_KE18,25.htm?jl=1010125124098&cs=1_a172f806&s=362&t=REC_JOBS&pos=102&src=GD_JOB_AD&guid=0000019dfaef4cc0951a1298a91f996d&uido=7A57A36BECDA9E413E76BB41CD0D8A0B&jobListingId=1010125124098&ao=1136043&vt=e&jrtk=5-yul1-1-1jo0us9neiudr800-fb81e89e6505c51c&cb=1778172285726&ctt=1778172302304
Gotham Technology Group; Senior Application Developer; ; 5/7/26;Open; 5/7/26;; https://www.linkedin.com/jobs/view/4410590628/?trk=eml-email_job_alert_digest_01-primary_job_list-0-jobcard_body_1_jobid_4410590628_ssid_14583149772_fmid_mw6pip~movweywf~wj&refId=wmJFAxnMjxOvbx7q%2Fw6MsA%3D%3D&trackingId=NRsjlkuE3ok6nvgu69Fekw%3D%3D
Intelex Technologies ULC; Software Developer; ; 5/7/26;Open; 5/7/26;; https://www.linkedin.com/jobs/view/4402229024/?trk=eml-email_job_alert_digest_01-primary_job_list-0-jobcard_body_3_jobid_4402229024_ssid_15257593100_fmid_mw6pip~movs4n4j~2k&refId=DkJoIdEhKfgqB%2BJDBeKxTg%3D%3D&trackingId=%2BqXpeGIShiniE%2FhzBogcsw%3D%3D
Xoriant; C# Software Engineer; ; 5/7/26;Open; 5/7/26;; https://jobright.ai/jobs/info/69fbf8b33160b250eb1bae50?utm_source=1025&imp_id=3673496432511879909__digest_job_alert__1778174100315_8533&utm_medium=email
Nasscomm; Senior .NET Backend Developer; ;5/7/26; Rejected; 5/22/2026;; https://jobright.ai/jobs/info/69fbda9238179b6f1ae7b1f9?utm_source=1025&imp_id=3673496432511879909__digest_job_alert__1778174100315_8533&utm_medium=email
Orion Innovation; Full Stack Engineer; ; 5/7/26;Open; 5/7/26;; https://jobright.ai/jobs/info/69fc9f7a938a651755f956f6?utm_source=1025&imp_id=3673496432511879909__digest_job_alert__1778174100315_8533&utm_medium=email
Navigate360; Senior .NET Engineer; ; 5/7/26;Open; 5/7/26;; https://jobright.ai/jobs/info/69fbf6763160b250eb1bab72?utm_source=1025&imp_id=3673496432511879909__digest_job_alert__1778174100315_8533&utm_medium=email
Stefanini Group; .Net Software Engineer; 50-60/hr; 5/7/26;Open; 5/7/26;; https://jobright.ai/jobs/info/69fbef5a3802c7621fd8e57c?utm_source=1025&imp_id=3673496432511879909__digest_job_alert__1778174100315_8533&utm_medium=email
System One; .NET Mainframe Developer; ; 5/7/26;Open; 5/7/26;; https://www.dice.com/job-detail/4d6dd98a-d683-4ded-8bf4-8c1d6d6819a1
Aspira; Senior software Engineer .NET; ; 5/7/26;Open; 5/7/26;; https://www.indeed.com/viewjob?jk=f3201135d0d7e294&tk=1jnvlvbqjgd2c800&from=serp&vjs=3
Datamaxx; Software Engineer - .NET /Full Stack; 76-100k; 5/7/26;Open; 5/7/26;; https://www.indeed.com/viewjob?cmp=Datamaxx&t=Full+Stack+Developer&jk=d3e2fa4ac92efc0e&q=c%23&xpse=SoBb67I3k_kqlNSLCB0LbzkdCdPP&xfps=6ebf45a5-f8c7-4909-8d6f-717c4f9b0850&xkcb=SoBM67M3k_jyWTSesZ0GbzkdCdPP&vjs=3
Marathon TS; Software Engineer (C# .NET Developer); 100-110k; 5/7/26;Open; 5/7/26;; https://www.indeed.com/viewjob?cmp=Marathon-TS&t=Software+Engineer&jk=17cc9402e708aa49&q=c%23&xpse=SoAZ67I3k_kh3hSLCB0LbzkdCdPP&xfps=e0bdd735-b1d8-49d6-ac56-c93bea0edca9&xkcb=SoDB67M3k_kkDySQ5R0KbzkdCdPP&vjs=3
Spectra Tech Inc; Software Engineer (job code 4275); ; 5/8/26;Open; 5/8/26;; https://www.ziprecruiter.com/jobs/v2/eyJsaXN0aW5nX2tleSI6ImxBSFg0SWstRE5jeVJrWUJRZmVNTFEiLCJtYXRjaF9pZCI6IjAxOWUwODc5LTI4NzYtN2VjNi1iMTM4LWU2NDhjYjVjYTgwOSIsImJpZF90cmFja2luZ19kYXRhIjoiQUFGYm5lRExObW8xOVhEeVYxQzJvc21SUXVmYVY4RzlreF9OSEV5bEtWamk2N0xWQ0dtUDNJcmc1ODZhYmNFY1dYNkY1RW5rIiwic291cmNlX3BsYWNlbWVudF9pZCI6NDMwMjR9?tsid=111000153
Hallmark; Sr. Software Engineer (Remote); 135k; 5/8/26; Rejected; 6/1/26; Rejection Received; https://www.glassdoor.com/job-listing/sr-software-engineer-remote-hallmark-marketing-company-JV_IC1131040_KO0,27_KE28,54.htm?jl=1010118447216&utm_source=jobactivity&utm_medium=email&utm_term=jobactcommodvar&utm_content=jas-recentjobs-jobpos2-noage-1010118447216&utm_campaign=jas&src=GD_JOB_AD&uido=7A57A36BECDA9E413E76BB41CD0D8A0B&ao=1136043&jrtk=5-yul1-3-1jo32v9ip2cs9g00&cs=1_085af7a9&s=239&t=JA&pos=108&guid=0000019e062fa644bff9a222e931bbe4&jobListingId=1010118447216&vt=e&cb=1778220246730&ctt=1778260379770&gdir=1
GovPilot (SDL); Senior software Engineer; ; 5/11/26;Open; 5/11/26;; https://www.linkedin.com/jobs/view/4398214021/?trk=eml-email_job_alert_digest_01-primary_job_list-0-jobcard_body_2_jobid_4398214021_ssid_15257593100_fmid_mw6pip~mp0b0uhb~9k&refId=eWoGhJfrGI6i%2FrdlWVVIVw%3D%3D&trackingId=hko%2BjZ2Rm4P1axy0l1gr6Q%3D%3D
Magna Legal Services; Senior Software Engineer; 160-180k; 5/11/26;Open; 5/11/26;; https://www.linkedin.com/jobs/view/4380953491/?trk=eml-email_jobs_facet_suggestions-JOBS_POSTING_SECTION_1-0-job_card_0_jobid_4380953491_sectionid_275008_fmid_mw6pip~mp16br5t~1t&refId=Ez0ghTpZmGqjGlfOI5TzCQ%3D%3D&trackingId=1iM34Do%2BYPdpxpBh1izuLw%3D%3D
OneWay; Software Engineer; 60-150k; 5/11/26;Open; 5/11/26;; https://www.glassdoor.com/job-listing/software-engineer-oneway-JV_KO0,17_KE18,24.htm?jl=1010127956251&utm_source=jobalert&utm_medium=email&utm_content=ja-jobpos3-age2d-1010127956251&utm_campaign=jobAlertAlert&tgt=GD_JOB_VIEW&src=GD_JOB_AD&uido=7A57A36BECDA9E413E76BB41CD0D8A0B&ao=1136043&jrtk=5-yul1-0-1joa6g544h70i801-fd020c83c4e8f580&cs=1_812b9af2&s=224&t=JA&pos=103&ja=388890994&guid=0000019e13fa9045ac4e5e2f8282b90d&jobListingId=1010127956251&ea=1&vt=e&cb=1778458826083&ctt=1778505662439&srs=EMAIL_JOB_ALERT&gdir=1
Point Software Solutions; Software Engineer; 25-50/hr; 5/11/26;Open; 5/11/26;; https://www.glassdoor.com/job-listing/software-engineer-point-software-solutions-JV_KO0,17_KE18,42.htm?jl=1010127204483&utm_source=jobalert&utm_medium=email&utm_content=ja-jobpos6-age2d-1010127204483&utm_campaign=jobAlertAlert&tgt=GD_JOB_VIEW&src=GD_JOB_AD&uido=7A57A36BECDA9E413E76BB41CD0D8A0B&ao=1136043&jrtk=5-yul1-0-1jo9ob8l8g36p800-c2998bb8d545f60c&cs=1_40f0a0ac&s=224&t=JA&pos=106&ja=380629936&guid=0000019e135619b4bb8421461817db0a&jobListingId=1010127204483&ea=1&vt=e&cb=1778443985830&ctt=1778507137971&srs=EMAIL_JOB_ALERT&gdir=1
Progressive Insurance; Software Developer Mid or Senior; 98-137k; 5/11/26;Open; 5/11/26;; https://jobright.ai/jobs/info/6a02022b238f143e8352fc68?utm_source=1121&imp_id=3673496432511879909__instant_push__1778517068235_1850&utm_medium=email
StorSuite; Senior .NET Engineer (Microservices & API Integrations); ; 5/11/26;Open; 5/11/26;; https://jobright.ai/jobs/info/6a0197fafa1aa73213d93b07?utm_source=1121&imp_id=3673496432511879909__instant_push__1778517068235_4423&utm_medium=email
Olivine, Inc; .NET Software Developer; ; 5/11/26;Open; 5/11/26;; https://jobright.ai/jobs/info/6a01e49b3053db70a1172fab?utm_source=1025&imp_id=3673496432511879909__digest_job_alert__1778517146242_8492&utm_medium=email
Konexial Inc.; Backend Web Developer; 20-30/hr (WTF??); 5/11/26;Open; 5/11/26; Very low rate, but willing to hear more about them as they are in Knoxville.  Konexial.com; https://www.ziprecruiter.com/jobs/v2/eyJsaXN0aW5nX2tleSI6IkUxeFNhTkVlcWhvZUxyZGY1ZFJITHciLCJtYXRjaF9pZCI6IjAxOWUxN2U1LTAxODctN2YwMC1iN2VhLWIyYTljMWY0NzdhMSIsImJpZF90cmFja2luZ19kYXRhIjoiQUFITEZJdzZhMDdTbUpYamtoZ2Ztd3ozM1puV3FwcjJ3WmJfb2VCanA1MTktRmlDOGdHLXQ1OHpmbjlmdE1CRlh3cEl1LWk3Iiwic291cmNlX3BsYWNlbWVudF9pZCI6NDMwMjR9?tsid=111000153
OptimHire; Senior Backend Software Engineer .NET/AWS (514 @ Ubiminds; ; 5/11/26;Open; 5/11/26;; https://opty.in/bnlJCB8
Lifelancer; Back End (C# .NET) Software Engineer; ; 5/11/26;Open; 5/11/26;; optimhire.com
Rockwell Automation; Senior Software Engineer (C#/SQL) - Plex; ; 5/11/26;Open; 5/11/26;; https://www.dice.com/job-detail/d8a5558a-bc6c-46c9-974e-51bf7b0d21c6
Accenture; COBOL Developer 6292208; 50-60/hr; 5/14/26; Rejected; 5/22/2026;; https://www.indeed.com/viewjob?jk=17a84e8c2390da13&tk=1jof0do1egq69800&from=serp&vjs=3
Tech Holding; Senior .NET Engineer (Contract); ; 5/14/26;Open; 5/14/26;; https://www.indeed.com/viewjob?jk=ae4f80c1d1fb4cbc&tk=1joi0lg7ggdmm801&from=serp&vjs=3
ImagineX Consulting; Backend Technical Lead; ; 5/1426;Open; 5/1426;; https://www.indeed.com/viewjob?jk=de8a141ddf3f8bdd&tk=1joi0lg7ggdmm801&from=serp&vjs=3
Opendorse; Full-Stack Software Engineer (.NET/React); ; 5/1/26;Open; 5/1/26;; https://www.indeed.com/viewjob?jk=5c6169632aba3a53&tk=1joi0na68gksg800&from=serp&vjs=3
Talent Software Services - Prabhdeep Singh; Mainframe Programmer Remote Role - State of SC; ; 5/14/26;Open; 5/14/26;; prabhdeep@talentemail.com
Skillable; Senior Software Engineer; 130-150k; 5/14/26; Rejected; 5/22/2026;; https://www.glassdoor.com/job-listing/senior-software-engineer-skillable-JV_KO0,24_KE25,34.htm?jl=1009617313694&utm_source=jobalert&utm_medium=email&utm_content=ja-jobpos9-age1d-1009617313694&utm_campaign=jobAlertAlert&tgt=GD_JOB_VIEW&src=GD_JOB_AD&uido=7A57A36BECDA9E413E76BB41CD0D8A0B&ao=1136043&jrtk=5-yul1-0-1jojeimqvj71i800-1f27764513ecd7e7&cs=1_cf62c992&s=224&t=JA&pos=109&ja=378462087&guid=0000019e26dcfe40a7caab3a401bec6a&jobListingId=1009617313694&vt=e&cb=1778769288327&ctt=1778781996502&srs=EMAIL_JOB_ALERT&gdir=1
Dayforce; Software Developer III; 77-137k; 5/14/26;Open; 5/14/26;; https://www.linkedin.com/jobs/view/4413075094/?trk=eml-email_job_alert_digest_01-primary_job_list-0-jobcard_body_2_jobid_4413075094_ssid_14583149764_fmid_mw6pip~mp4crs4a~xt&refId=zdCzNqaIb4LuTlLsPfuA9A%3D%3D&trackingId=%2F1LIe%2FfA%2Bn8x9WT41kAP%2Bg%3D%3D
Rec Gen; Software Engineer; ; 5/14/26;Open; 5/14/26;; https://www.linkedin.com/jobs/view/4413761412/?trk=eml-email_job_alert_digest_01-primary_job_list-0-jobcard_body_1_jobid_4413761412_ssid_14583149764_fmid_mw6pip~mp5jmzi8~6a&refId=3fAo4%2F19g7pDKUUKWa%2Bt0Q%3D%3D&trackingId=7c42JnUwpeAMBRrBNNDWuw%3D%3D
Andersen Inc.; Backend Developer (.NET) in the USA; 42-55k (WTF??); 5/14/26;Open; 5/14/26;; https://www.dice.com/job-detail/30ee8d9c-89ed-45b7-90e3-7feb33e77a11
InfoPeople Corp; FullStack Developer; 60-65/hr; 5/14/26;Open; 5/14/26;; https://www.dice.com/job-detail/0a51441d-6433-4b59-b21c-5d9ef0dace31
Inflow Federal; Software Engineer; ; 5/14/26;Open; 5/14/26;; https://www.indeed.com/viewjob?jk=d9e6e5e46c0676fc&tk=1jof0ch6rgiml803&from=serp&vjs=3
One Identity; Senior Software Engineer (Backend) Job ID 2026-13142; ; 5/15/26; Rejected; 5/22/2026;; https://jobright.ai/jobs/info/6a068d69bc4184089f2505e6?utm_source=1121&imp_id=3673496432511879909__instant_push__1778817906834_7843&utm_medium=email
CharityEngine; Senior .NET Software Developer; 120-150k; 5/15/26;Open; 5/15/26;; https://jobright.ai/jobs/info/6a059027a88ea73abf7f2044?utm_source=1121&imp_id=3673496432511879909__instant_push__1778817906834_5359&utm_medium=email
HungerRush; Software Engineer II; ; 5/15/26; Rejected; 5/22/2026;; https://jobright.ai/jobs/info/6a0618dfbc4184089f24b126?utm_source=1121&imp_id=3673496432511879909__instant_push__1778817906834_5359&utm_medium=email
Qualitest; .NET / WinForms Developer; ; 5/15/26;Open; 5/15/26;; https://jobright.ai/jobs/info/6a06416e7c753c287f7012ff?utm_source=1121&imp_id=3673496432511879909__instant_push__1778817906834_5359&utm_medium=email
General Motors; Senior Integration Lead - GM Motorsports (JR-202603971) (Remote in Concord NC?);   ; 5/15/26; Rejected; 5/29/26; Rejection Received; https://www.dice.com/job-detail/830e4055-1fd7-449b-8061-2ccbe5a93ed8
Clearwaters.IT; Senior .NET Developer; 125-135k; 5/14/26;Open; 5/14/26;; https://www.indeed.com/viewjob?jk=81606874579a6000&tk=1jof0ch6rgiml803&from=serp&vjs=3
Verisma; Software Engineer; 110-125k; 5/15/26;Open; 5/15/26;; https://www.indeed.com/viewjob?jk=1ce65b39e6b70a77&tk=1jof0do1egq69800&from=serp&vjs=3
Sanametrix; Senior .Net Developer; 160-180k; 5/15/26; Rejected; 5/22/2026;; https://www.glassdoor.com/job-listing/senior-net-developer-sanametrix-JV_KO0,20_KE21,31.htm?jl=1010134316516&utm_source=jobalert&utm_medium=email&utm_content=ja-jobpos1-age1d-1010134316516&utm_campaign=jobAlertAlert&tgt=GD_JOB_VIEW&src=GD_JOB_AD&uido=7A57A36BECDA9E413E76BB41CD0D8A0B&ao=1110586&jrtk=5-yul1-0-1jom1gl3mia5p800-6e0cd3be5db4c558---6NYlbfkN0CyQKdz8_lqdlgY-c-amsQST66Z8QjChsyYA8vzcGklWAhCJIzjv5ewRpMaX5jwO7acmX6Qoqfz4bm_yUymadbgUSeIVQrHgICF04NcIPVDjbGaa36zbvFRXlP9uPMEP6LUMgFWojHXm8FwF7pG5MJaawkLK36WKNEHHcWcaSPSjZYO0BmkXmSvmG1elDS1F0gw3OYo1weeRT74Eic3Tz58-sYMW9haxNVMu-GCdBZTJD5cMyqX7lmndCVUTnsOKJHD5u_wNjvOFyVroxM8N8IvhowDBZIMjmgRD3XuXCoaea7XRLDhOG9YMA4dCJWhWYDaxnM4LSX14kiEiP3kOTTwTKpok6SBcUhTjFNV18rYnrREGDr6P8JMRBOFTAQ8ehN12WfnSEgAaY3mX3VZXEjCF1yeqTE4jyR1ik317d0OCbiLmW2X-qQnjbE_rwuUCFHr4KEtv41c7l3ptKDb_R807XkM5d76fn_-5ZA_CkNPdDJPM4Mj2aBN8anwxttEvCDBxBx33ufdeDBRfnXrhIvAX_6FaAiS8AYOoV-eI2dw2PedOCjIL7VewMuV4vZmklaWHjQEijKwbbf3zi82zGhcH_b9e_Zw_EglJmOq8-ADAXRxvF1c8PuUj0TighD2xhdRIqVeJR_Kh5gQ7O9mx1_3bIfrjGnkVlMe8p3WNhZK-9wSLFIFSIqf6Kwx9nxBhPZwgr3hipYBP9laL0WMmRl7EQlrxSwJoP0p_G4GKWllTD4_nZ7Kz0iwgn2k1n1lcagErkqj1oOWBpr29EBrpKsiuGZUFBzRjKMFU4Nlv5rVD6yJJEV0QKbHSC2mGhKyUne3vX1wXooHUN_-mGYW77jFm-sIKlncNew%3D&cs=1_8a34738e&s=224&t=JA&pos=101&cpc=9908D8D4413DBB8A&ja=399775333&guid=0000019e2c03c025ae84e2eae6553e71&jobListingId=1010134316516&ea=1&vt=e&cb=1778856252762&ctt=1778858756000&srs=EMAIL_JOB_ALERT&gdir=1
HealthEdge; Senior Software Engineer; ;5/18/26;Open;5/18/26;; https://www.linkedin.com/jobs/view/4397396926/?trk=eml-email_job_alert_digest_01-primary_job_list-0-jobcard_body_1_jobid_4397396926_ssid_15257593108_fmid_mw6pip~mpb9edle~e4&refId=G17TzIoDT2YD3DApj4efYg%3D%3D&trackingId=m2yPMvhonzk4xxQu12jOpg%3D%3D
Cross River; Senior Software Engineer; 160-200k; 5/18/26; Rejected; 5/22/2026;; https://www.linkedin.com/jobs/view/4375616627/?trk=eml-email_job_alert_digest_01-primary_job_list-0-jobcard_body_2_jobid_4375616627_ssid_15257593108_fmid_mw6pip~mpb9edle~e4&refId=G17TzIoDT2YD3DApj4efYg%3D%3D&trackingId=NEmelxIx%2BaMI84BxIRAA4g%3D%3D
Finance of America; Software Developer Senior (SOFTW006609); ; 5/19/26;Open; 5/19/26;; https://jobright.ai/jobs/info/6a0b5ed2538d03366dc84bad?utm_source=1025&imp_id=3673496432511879909__digest_job_alert__1779207280226_8243&utm_medium=email
Nexaminds; AHC - Sr. Fullstack Enginer (C#, .NET, React, AI); ; 5/19/26;Open; 5/19/26;; https://jobright.ai/jobs/info/6a0baa734d932036368731d6?utm_source=1025&imp_id=3673496432511879909__digest_job_alert__1779207280226_8243&utm_medium=email
Aerostrat; Senior Software Engineer (Full-Stack); ; 5/19/26; Rejected; 6/5/26; Rejection Received; https://jobright.ai/jobs/info/6a0bc69c0411d7417a1b3fc6?utm_source=1025&imp_id=3673496432511879909__digest_job_alert__1779207280226_8243&utm_medium=email
BrothersTech; Dotnet Developer; ; 5/19/26;Open; 5/19/26;; https://jobright.ai/jobs/info/6a0b89b822d0d34036c8d88a?utm_source=1025&imp_id=3673496432511879909__digest_job_alert__1779207280226_8243&utm_medium=email
Infobahn Softworld Inc; Dotnet Developer; ;l 5/19/26; Rejected; 5/22/2026;; https://jobright.ai/jobs/info/6a0b89b822d0d34036c8d88a?utm_source=1025&imp_id=3673496432511879909__digest_job_alert__1779207280226_8243&utm_medium=email
Seneca Resources; Software Developer III (179114498590); ; 5/19/26; Rejected; 5/22/2026;; https://jobright.ai/jobs/info/6a0b3bbb538d03366dc82e6e?utm_source=1025&imp_id=3673496432511879909__digest_job_alert__1779207280226_8243&utm_medium=email
McKeeson; Software Development Engineer (JR0147128); 116-193k; 5/19/26; Rejected; 5/22/2026;; https://jobright.ai/jobs/info/6a0b7326963f7a67d95cfda7?utm_source=1025&imp_id=3673496432511879909__digest_job_alert__1779207280226_8243&utm_medium=email
HealthEquity; Software Engineer II; 92-117k; 5/19/26; Rejected; 5/22/2026;; https://www.linkedin.com/jobs/view/4374328664/?trk=eml-email_job_alert_digest_01-primary_job_list-0-jobcard_body_1_jobid_4374328664_ssid_14583149764_fmid_mw6pip~mpct4jkw~12&refId=8BHzwaje8o%2BXifDMn4YlDQ%3D%3D&trackingId=ZScpGVFWQOoPnGT5RGPt9A%3D%3D
Zone 5 Technologies; Software Applications Engineer III/IV; 135-192k; 5/19/26; Rejected; 5/29/26; Rejection Received; https://www.linkedin.com/jobs/view/4411758361/?trk=eml-email_job_alert_digest_01-primary_job_list-0-jobcard_body_3_jobid_4411758361_ssid_14583149764_fmid_mw6pip~mpct4jkw~12&refId=8BHzwaje8o%2BXifDMn4YlDQ%3D%3D&trackingId=0jr%2F4VcGnX15Z5CqmQc1Lg%3D%3D
BJC HealthCare; Software Developer; 110-145k; 5/19/26;Open; 5/19/26;; https://www.glassdoor.com/job-listing/software-developer-bjc-healthcare-JV_KO0,18_KE19,33.htm?jl=1010138364325&utm_source=jobalert&utm_medium=email&utm_content=ja-jobpos1-agept-1010138364325&utm_campaign=jobAlertAlert&tgt=GD_JOB_VIEW&src=GD_JOB_AD&uido=7A57A36BECDA9E413E76BB41CD0D8A0B&ao=1136043&jrtk=5-yul1-0-1jp0bjrtsm93i800-2658bbd439b05621&cs=1_9a0bb776&s=224&t=JA&pos=101&ja=399775333&guid=0000019e409ca1dbb8ee6e632e5620e3&jobListingId=1010138364325&ea=1&vt=e&cb=1779202388122&ctt=1779208870336&srs=EMAIL_JOB_ALERT&gdir=1
Regent University; Software Engineer; 67-107k; 5/19/26;Open; 5/19/26;; https://www.glassdoor.com/job-listing/software-engineer-regent-university-JV_IC1130324_KO0,17_KE18,35.htm?jl=1010134816266&utm_source=jobalert&utm_medium=email&utm_content=ja-jobpos4-age4d-1010134816266&utm_campaign=jobAlertAlert&tgt=GD_JOB_VIEW&src=GD_JOB_AD&uido=7A57A36BECDA9E413E76BB41CD0D8A0B&ao=1136043&jrtk=5-yul1-0-1jp0bjrtsm93i800-d93ea6672fc7de92&cs=1_0fd2bf95&s=224&t=JA&pos=104&ja=399775333&guid=0000019e409ca1dbb8ee6e632e5620e3&jobListingId=1010134816266&vt=e&cb=1779202388119&ctt=1779208883130&srs=EMAIL_JOB_ALERT&gdir=1
Upland Capital Group; Quality Assurance & Test Engineer - Contract Assignment - Remote; 50-65/hr; 5/19/26;Open; 5/19/26;; https://www.glassdoor.com/job-listing/quality-assurance-test-engineer-contract-assignment-remote-upland-capital-group-JV_KO0,58_KE59,79.htm?jl=1010138656971&utm_source=jobalert&utm_medium=email&utm_content=ja-jobpos9-agept-1010138656971&utm_campaign=jobAlertAlert&tgt=GD_JOB_VIEW&src=GD_JOB_AD&uido=7A57A36BECDA9E413E76BB41CD0D8A0B&ao=1136043&jrtk=5-yul1-0-1jp0bjrtsm93i800-4deccc0c7d8dc171&cs=1_167ac40c&s=224&t=JA&pos=109&ja=399775333&guid=0000019e409ca1dbb8ee6e632e5620e3&jobListingId=1010138656971&ea=1&vt=e&cb=1779202388123&ctt=1779208916565&srs=EMAIL_JOB_ALERT&gdir=1
Hii; DSCA .Net Core Developer (Software Engineer) (28637); 80-150k; 5/19/26;Open; 5/19/26;; https://www.glassdoor.com/job-listing/dsca-net-core-developer-software-engineer-hii-JV_IC1130337_KO0,41_KE42,45.htm?jl=1010138544993&utm_source=jobalert&utm_medium=email&utm_content=ja-jobpos12-agept-1010138544993&utm_campaign=jobAlertAlert&tgt=GD_JOB_VIEW&src=GD_JOB_AD&uido=7A57A36BECDA9E413E76BB41CD0D8A0B&ao=1136043&jrtk=5-yul1-0-1jp0bjrtsm93i800-4f13e331809e2b91&cs=1_259227c6&s=224&t=JA&pos=112&ja=399775333&guid=0000019e409ca1dbb8ee6e632e5620e3&jobListingId=1010138544993&vt=e&cb=1779202388119&ctt=1779208930026&srs=EMAIL_JOB_ALERT&gdir=1
Digital Cloak; Senior Software Developer; 127-137k; 5/19/26;Open; 5/19/26;; https://www.glassdoor.com/job-listing/senior-software-developer-digital-cloak-JV_KO0,25_KE26,39.htm?jl=1010138643550&utm_source=jobalert&utm_medium=email&utm_content=ja-jobpos8-agept-1010138643550&utm_campaign=jobAlertAlert&tgt=GD_JOB_VIEW&src=GD_JOB_AD&uido=7A57A36BECDA9E413E76BB41CD0D8A0B&ao=1136043&jrtk=5-yul1-0-1jp0b7fhah74s800-df90614b980f8ae1&cs=1_09abd0f0&s=224&t=JA&pos=108&ja=378462087&guid=0000019e409c91cd994fe1e44144563d&jobListingId=1010138643550&vt=e&cb=1779201982270&ctt=1779209023347&srs=EMAIL_JOB_ALERT&gdir=1
CGI; Automation, Reporting, & Content Development Engineer (J0526-1362); ; 5/19/26;Open; 5/19/26;; https://clients.njoyn.com/corp/xweb/xweb.asp?NTKN=c&page=login&BRID=1300972&jobid=J0526-1362
LuminDigital; Software Engineer; ; 5/19/26;Open; 5/19/26;; https://jobs.lever.co/LuminDigital/b033b735-ba2c-4d2f-a94d-e9ee9a1144a5/apply
Chainguard; Senior Software Engineer (.NET); 157-184k ; 5/19/26; Rejected; 5/29/26; Rejection Received; https://job-boards.greenhouse.io/chainguard/jobs/4672909006
Populate; Senior .NET Software Engineer; ; 5/19/26;Open; 5/19/26;; https://job-boards.greenhouse.io/applytopopulate/jobs/4962891004
Baxter; Field Service Technician II - Knoxville (JR- 201331); 47-57k ; 5/21/26;Open; 5/21/26;; https://jobs.baxter.com/en/job/-/-/152/94975773792
Effervescent Consulting; Application Developer; 70-80/hr; 5/21/26;Open; 5/21/26;; https://www.glassdoor.com/Job/index.htm?utm_source=jobsForYou&utm_medium=email&utm_content=jobs-for-you-jobsForYou-jobpos2-age13d-1010126534543&utm_campaign=jobsForYou&src=GD_JOB_AD&uido=7A57A36BECDA9E413E76BB41CD0D8A0B&ao=1136043&jrtk=5-yul1-1-1jp5bgguogc1f800-8ee9d5f7500f5c8f&cs=1_85b07f77&s=362&t=REC_JOBS&pos=102&guid=0000019e42ec8b789e580b2ff46d3554&jobListingId=1010126534543&ea=1&rdforyou=true&vt=e&cb=1779370051340&gdir=1
Cyncly; .Net Developer; 75-110k; 5/21/26; Rejected; 5/22/2026;; https://fa-ewdg-saasfaprod1.fa.ocs.oraclecloud.com/hcmUI/CandidateExperience/en/sites/CynclyJobs/job/2512/?utm_medium=career+site&utm_source=job+alert
Infinity Software Development; Senior Software Engineer across a wide array of tech stacks; 80-125k; 5/21/26;Open; 5/21/26;; https://www.glassdoor.com/job-listing/senior-software-engineer-across-a-wide-array-of-tech-stacks-infinity-software-development-JV_KO0,59_KE60,89.htm?jl=1010140614690&utm_source=jobalert&utm_medium=email&utm_content=ja-jobpos10-agept-1010140614690&utm_campaign=jobAlertAlert&tgt=GD_JOB_VIEW&src=GD_JOB_AD&uido=7A57A36BECDA9E413E76BB41CD0D8A0B&ao=1136043&jrtk=5-yul1-0-1jp4bev52h74p800-07c4e4c98f3e484e&cs=1_eb0ce3de&s=224&t=JA&pos=110&ja=388890994&guid=0000019e477a256b9e9a788fed4c4225&jobListingId=1010140614690&ea=1&vt=e&cb=1779336445328&ctt=1779371023787&srs=EMAIL_JOB_ALERT&gdir=1
Edmunds.com (CarMax); Software Engineer; 125-159k; 5/21/26; Rejected; 6/1/26; Rejection Received; https://www.glassdoor.com/job-listing/software-engineer-edmunds-com-JV_IC1146873_KO0,17_KE18,29.htm?jl=1010141024587&utm_source=jobalert&utm_medium=email&utm_content=ja-jobpos4-agejp-1010141024587&utm_campaign=jobAlertAlert&tgt=GD_JOB_VIEW&src=GD_JOB_AD&uido=7A57A36BECDA9E413E76BB41CD0D8A0B&ao=1136043&jrtk=5-yul1-0-1jp48vb7t22rq001-7eb0068bed2158fe&cs=1_2a209f1e&s=224&t=JA&pos=104&ja=402221199&guid=0000019e47435cff8b919bd88f28e83b&jobListingId=1010141024587&ea=1&vt=e&cb=1779333836438&ctt=1779371089217&srs=EMAIL_JOB_ALERT&gdir=1
Subaru of America Inc.; Sr. Software Engineer; 116-127k; 5/21/26;Open; 5/21/26;; https://www.glassdoor.com/job-listing/sr-software-engineer-subaru-of-america-JV_IC1127087_KO0,20_KE21,38.htm?jl=1010139586159&utm_source=jobalert&utm_medium=email&utm_content=ja-jobpos5-age1d-1010139586159&utm_campaign=jobAlertAlert&tgt=GD_JOB_VIEW&src=GD_JOB_AD&uido=7A57A36BECDA9E413E76BB41CD0D8A0B&ao=1136043&jrtk=5-yul1-0-1jp48vb7t22rq001-d6bedb23ecbbc9a4&cs=1_bccdeaef&s=224&t=JA&pos=105&ja=402221199&guid=0000019e47435cff8b919bd88f28e83b&jobListingId=1010139586159&vt=e&cb=1779333836434&ctt=1779371096089&srs=EMAIL_JOB_ALERT&gdir=1
Mouri Tech; Senior Software Engineer I (Sr .NET Developer) : 100% REMOTE; ; 5/21/26;Open; 5/21/26;;
Tria Federal; Sr. .NET Developer; ; 5/21/26;Open; 5/21/26;; https://jobright.ai/jobs/info/6a0e62f547fea1610bca9df5?utm_source=1121&imp_id=3673496432511879909__instant_push__1779329452232_2558&utm_medium=email
Benelynk; Sr.Software Engineer; 150-175k; 5/21/26;Open; 5/21/26;; https://www.indeed.com/viewjob?jk=16851f654e92fc20&tk=1jp3mofsjgie1803&from=serp&vjs=3
SIAA; Software Engineer; ; 5/21/26;Open; 5/21/26;; https://www.indeed.com/viewjob?jk=9b21a2bc266055c4&tk=1jp3mofsjgie1803&from=serp&vjs=3
Mind Computing; C#/.NET Developer (Remote Opportunity); 105-115k; 5/21/26; Rejected; 5/22/2026;; https://www.indeed.com/viewjob?jk=a94809c786949c48&tk=1jp3mqrrcgnkr801&from=serp&vjs=3
Clubessential; Software Engineer; ; 5/21/26;Open; 5/21/26;; https://www.indeed.com/viewjob?jk=2ab8e23664827927&tk=1jp3mru4dgnjf800&from=serp&vjs=3
Bloomerang; Software Engineer; 107-130; 5/21/26; Rejected; 5/26/26; Rejection received; https://jobright.ai/jobs/info/6a0e334080bf0430c762a940?utm_source=1121&imp_id=3673496432511879909__instant_push__1779318065917_6734&utm_medium=email
Codeworks IT Careers; Senior Software Engineer; ; /21/26; Rejected; 5/22/2026;; https://www.linkedin.com/jobs/view/4415665761/?trk=eml-email_job_alert_digest_01-primary_job_list-0-jobcard_body_2_jobid_4415665761_ssid_15257593108_fmid_mw6pip~mpd1p6y3~bx&refId=%2FVDfbZmbM%2FKOCu2%2BHkMUdw%3D%3D&trackingId=W6DLA9nu%2BYxma5RuMeRtRQ%3D%3D
Blu Omega; Senior .Net Developer; 145-160k; 5/21/26;Open; 5/21/26;; https://www.glassdoor.com/job-listing/senior-net-developer-blu-omega-JV_KO0,20_KE21,30.htm?jl=1010138772991&utm_source=jobalert&utm_medium=email&utm_content=ja-jobpos7-agept-1010138772991&utm_campaign=jobAlertAlert&tgt=GD_JOB_VIEW&src=GD_JOB_AD&uido=7A57A36BECDA9E413E76BB41CD0D8A0B&ao=1136043&jrtk=5-yul1-0-1jp16d6tf2mdq000-0e5e874bdc6d9ec9&cs=1_d2ff6e23&s=224&t=JA&pos=107&ja=380629936&guid=0000019e41afd296ac8b9034b5ce5aa5&jobListingId=1010138772991&vt=e&cb=1779230481701&ctt=1779232614785&srs=EMAIL_JOB_ALERT&gdir=1
Milestone Technologies, Inc.; Senior Engineer - (NPW) (12743); ; 5/21/26;Open; 5/21/26;; https://www.dice.com/job-detail/54e1347a-9803-4d84-9daa-5e999cd44375
Motion Recruitment Partners, LLC; Sr. Backend Engineer; 200-250k; 5/21/26;Open; 5/21/26;; https://www.dice.com/job-detail/71e21910-e616-4319-aead-ed0e94da17f8
Cypress Consulting; Senior Application Developer -- 100% remote - Must be US Citizen due to clearance; 140-170k; 5/21/26; Rejected; 5/30/26; Rejection Received; https://www.indeed.com/viewjob?cmp=Cypress-Consulting&t=Senior+Application+Developer&jk=2b4c76583a86ba36&q=c%23&xpse=SoC-67I3jhJgnTS4xp0LbzkdCdPP&xfps=a5d3f2e9-dd71-4d82-8c56-024c9240bf3b&xkcb=SoAT67M3jhJYVZSenh0JbzkdCdPP&vjs=3
Amentum; Junior Software Engineer for Naval Research Technology R0161491; 85-105k; 5/21/26; Rejected; 6/1/26; Rejection Received; https://www.indeed.com/viewjob?jk=048bfa30296a4318&tk=1jp10sqlsg6j2803&from=serp&vjs=3
Workiva; Software Support Engineer; 68-108k; 5/21/26;Open; 5/21/26;; https://www.glassdoor.com/job-listing/software-support-engineer-workiva-JV_KO0,25_KE26,33.htm?jl=1010138514700&utm_source=jobalert&utm_medium=email&utm_content=ja-jobpos11-agept-1010138514700&utm_campaign=jobAlertAlert&tgt=GD_JOB_VIEW&src=GD_JOB_AD&uido=7A57A36BECDA9E413E76BB41CD0D8A0B&ao=1136043&jrtk=5-yul1-0-1jp0b7fhah74s800-c0e6ba5b0b1d83cc&cs=1_4426e373&s=224&t=JA&pos=111&ja=378462087&guid=0000019e409c91cd994fe1e44144563d&jobListingId=1010138514700&vt=e&cb=1779201982271&ctt=1779209039371&srs=EMAIL_JOB_ALERT&gdir=1
Jobot Consulting (Plynouth Meeting PA) (Dan Urbaniak); .NET API Developer; 45-60/hr; 5/21/26;Open; 5/21/26;; https://jobot.com/details/-net-api-developer/dc2d345a06?utm_source=DigestAlert&utm_campaign=A&utm_medium=SimilarCandidate_JobTitle
Crate and Barrel; Software Engineer; 85-115k; 5/21/26;Open; 5/21/26;; https://www.glassdoor.com/job-listing/software-engineer-crate-and-barrel-JV_KO0,17_KE18,34.htm?jl=1010130990639&utm_source=jobactivity&utm_medium=email&utm_term=jobactcommodvar&utm_content=jas-recentjobs-jobpos1-noage-1010130990639&utm_campaign=jas&src=GD_JOB_AD&uido=7A57A36BECDA9E413E76BB41CD0D8A0B&ao=1136043&jrtk=5-yul1-3-1jov927nh24s8h00&cs=1_2af67a0e&s=239&t=JA&pos=106&guid=0000019e3e911eda92415bf3f0c59a03&jobListingId=1010130990639&vt=e&cb=1779166158696&ctt=1779209281372&gdir=1
Great Value Hiring; Backend Engineer; 60-120/hr; 5/22/26;Open; 5/22/26;; https://www.linkedin.com/jobs/view/4407957237/?trk=eml-email_jobs_viewed_job_reminder_01-job_card-0-jobcard_body_4407957237&refId=tz5FdduVSDSYZshuYIluAA%3D%3D&trackingId=QPX3f230QZ6dqujd4MdMZg%3D%3D
Aledade, Inc. ;Software Engineer II - Backend;; 5/22/26;Open; 5/22/26;; https://www.linkedin.com/jobs/view/4411865134/?trk=eml-email_jobs_viewed_job_reminder_01-job_card-0-jobcard_body_4411865134&refId=UKvKAdahTB%2BmepLdFwjh8A%3D%3D&trackingId=pA75qUkoQB6z2rYXOVbEGg%3D%3D
Embrace ;software Engineer (.NET)\- Edtech Group;; 5/22/26;Open; 5/22/26;; https://jobright.ai/jobs/info/6a0f56759f654b3359ce48e7?utm_source=1121&imp_id=3673496432511879909__instant_push__1779421360599_9898&utm_medium=email
Rezdy; Senior Software Engineer; ; 5/22/26;Open; 5/22/26;; https://www.linkedin.com/jobs/view/4417797671/?trk=eml-email_job_alert_digest_01-primary_job_list-0-jobcard_body_0_jobid_4417797671_ssid_15257593108_fmid_mw6pip~mpgz5sel~7p&refId=tiSLquOEXKSS3n8YNXa0PQ%3D%3D&trackingId=WEc6YIOQa%2Fetfo8OSAWTfg%3D%3D
Enterprise Mobility; Senior Software Engineer - .NET/C#; 115-159k; 5/25/26;Open; 5/25/26;; https://www.glassdoor.com/Job/index.htm?utm_source=jobsForYou&utm_medium=email&utm_content=jobs-for-you-jobsForYou-jobpos4-age30d-1010097004825&utm_campaign=jobsForYou&src=GD_JOB_AD&uido=7A57A36BECDA9E413E76BB41CD0D8A0B&ao=1136043&jrtk=5-yul1-1-1jpfe75e6gc2r800-a0d1c476137ca861&cs=1_2c4d949f&s=362&t=REC_JOBS&pos=104&guid=0000019e578f07e08b0399eca478d8ef&jobListingId=1010097004825&rdforyou=true&vt=e&cb=1779708434578&gdir=1
SiriTech Solutions Corp; Application Developer Analyst - W2; ; 5/25/26;Open; 5/25/26;; https://jobright.ai/jobs/info/6a13a7db69bd827926af8a74?utm_source=1121&imp_id=3673496432511879909__instant_push__1779680432246_1457&utm_medium=email
OneStream Software; Software Engineer I; 104-130k; 5/25/26;Open; 5/25/26;; https://jobright.ai/jobs/info/6a13a7db69bd827926af8a74?utm_source=1121&imp_id=3673496432511879909__instant_push__1779680432246_1457&utm_medium=email
V-Centrix-US LLC; Sr. Software Engineer; 40-50/hr; 5/26/26;Open; 5/26/26;; https://www.dice.com/job-detail/4feadd99-d4ba-4594-8cfa-50de82add443
Cencora; Sr. Full-Stack Engineer; ; 5/25/26;Open; 5/25/26;; https://www.dice.com/job-detail/4de88434-583b-4ae5-ab5c-5997b99a5387
B2B Technology; .NET Full Stack Developer; ; 5/25/26;Open; 5/25/26;; https://www.dice.com/job-detail/19418ecb-3cfb-46ac-bf6f-64650b397898
FutureTech; Lead Software Engineer; ; 5/25/26;Open; 5/25/26;; https://www.dice.com/job-detail/f6c32921-a315-4de0-baf4-b4481ebd9acd
E-AIM; application Architect .NET; ; 5/25/26;Open; 5/25/26;; https://www.indeed.com/viewjob?jk=e80dd47635e2159d&q=c%23&l=Remote&tk=1jpe2kkpdgan2801&from=web&advn=3570162041912728&adid=462439645&ad=-6NYlbfkN0Ax5WKGL7DdG-hBM_5yqlLi_M1DgdXvlX2bKCktkh-hWxOr9ymtyAFEeOZ7wJvdqVC33libXUP5XwTziix_N4sxENCU4SmfztUU5VxA-GmOxOPDmGq0L9n4BRQmNEyetv3EoH7OiDuEWDorxcieiFfQHFZFQ1sj94utIu6v1eTuWQVW7YPg37ufU8GZO3c9LbvAyLYVPz-_E2heF0qAFO9GfQ7bC8d4AYI5fuoeKm_PKMFsGLiAgpFnGX19srHbilKyu3rqyROo0aKHgOhb6p7il86TDBV_p4C0DhbcaFEkYfMjfXICuWkyWePiwzk0rp1aJ5yG9ynCW-WR2x0ZcBSsEqUF1z2YH2hEK8xp3WzpF3-09F-uIRed-DQmsyC3Ca2Zi5j7EoUhjdWcLOJ1ZFAgikFAGc4xAEsp0M6sKa6TfPOSaaOAh4LZznhTLFz7_-e51COAyckFFHvTGe__AWzEsIWBtH8aVreb_8Kz9ZeDGAEgRzYXmgAeCs2USA8EHVacubLpPa3Gmi6GvzLHJ7UChh-5CbP00BxdOsrpmrJdy7TDtdMWgItWvshFH8LP4NFm_2yjOdgVrFzzIxvRl-STyjT4lWDm1gCl7JInMM6d1OxTa4hGXngM1JFITtvAuiw%3D&pub=4a1b367933fd867b19b072952f68dceb&camk=C3EPSzFlQw-GUIovjPGsnQ%3D%3D&xkcb=SoCQ6_M3juNdRRSEZJ0LbzkdCdPP&xpse=SoC16_I3juNbwCy4lR0ObzkdCdPP&xfps=16960a58-4073-4a1e-90ac-b91042240006&vjs=3
E-AIM; .NET Web Application Developer - Senior / Mid-Level / Junior; ; 5/25/26;Open; 5/25/26;; https://www.indeed.com/viewjob?jk=e1f040440bb03aa6&q=c%23&l=Remote&tk=1jpe2kkpdgan2801&from=web&advn=3570162041912728&adid=462439587&ad=-6NYlbfkN0Ax5WKGL7DdG-hBM_5yqlLi_M1DgdXvlX2bKCktkh-hWxOr9ymtyAFEx-YhoEso3YxaO3gAI8QKvFGomjCxGC0g1jtGdfYfLnOtq3Hb9GhGIlSyiCicW1j3tKtIKp5XtML9ry_SEgA3QJZzNlgfz__2BC7lDm_45Ll8y7bFRzehuFNYbn0guK4H6HuLcewICAAtrfPY-6s6DAH-DgqUTh34VehY3Z01Y07QCZKjltH-6hKHRjbtipwHorHgVQlXaXFc-UUlQgGRrBTZimZi82c0eE5rbLU2tmVLpO8kyHH-gVJcorb9kqPM3RcXud_ut_hiEVn5YwXdyBrMZRGdtzvJqOks1GuP63I0YqKJiMBBc2m45SFVzmtWkui3-XWrCaUKIB5QmsyjzBw8sT5e7rUcmytLddcqlnq7wRZfiWjsrm25sHJd4zXnz9CVwZCMNlvSrN3wgNA9h1L7YicS83uq5H_avOsM70xm5tlGUKhJUqGuaQKrVa4UpLrKxXyf24ePZZrmchJ5IL_Dy6RTtnzWtHZ94IVzKHF-wx6NzheEHU_hRKllSjVGx0m794tKg6XtBFqk78Hv4_XTKaKq7tN0_iT9dpNBFDjv1JN3me1egAPba7DKI65k8CLY3Y9-i9w%3D&pub=4a1b367933fd867b19b072952f68dceb&camk=C3EPSzFlQw9dR0q89qOKmg%3D%3D&xkcb=SoAk6_M3juNdRRSEZJ0KbzkdCdPP&xpse=SoCr6_I3juNaycySp50IbzkdCdPP&xfps=820b98de-70ea-4da2-87ed-41bc3df3b515&vjs=3
Wellsky; Staff Software Engineer; ; 5/25/26; Rejected; 5/29/26; Rejection Received; https://www.indeed.com/viewjob?jk=ca427129f048a51e&tk=1jpe2lo1ag5iv800&from=serp&vjs=3
Transflow; Lead .NET Developer; ;5/25/26;Open;5/25/26;; https://www.indeed.com/viewjob?jk=39f514e6f24bb263&tk=1jpe2ns16g4jc800&from=serp&vjs=3
Thomas and Company; Sr. Full Stack Developer (.NET/Angular); 70-90/hr; 5/25/26;Open; 5/25/26;; https://www.indeed.com/viewjob?jk=6999aec645ca647d&tk=1jpe2ns16g4jc800&from=serp&vjs=3
A&B Business Solutions; Senior .NET Developer; ; 5/25/26;Open; 5/25/26;; https://www.indeed.com/viewjob?cmp=A-%2526-B-Business-Solutions&t=Senior+.NET+Developer&jk=dd98856963b5bffc&q=c%23&xpse=SoC767I3juNmSPyQ0x0LbzkdCdPP&xfps=6f67c8ea-3ba2-4df9-8927-2f7ce023ef70&xkcb=SoDd67M3juNpgkySj50DbzkdCdPP&vjs=3
CGI; Sr. IT Audit Support (Knoxville J0526-0698); 89-117k; 5/25/26;Open; 5/25/26;; https://www.ziprecruiter.com/jobs/cgi/sr-it-audit-support?lvk=29EO9OZkEKdYao_33KIkXw
CGI (Lensa?); Solution Architect (Knoxville J0526-1988); 102-223k; 5/25/26;Open; 5/25/26;; https://www.ziprecruiter.com/jobs/cgi/solution-architect?lvk=u5QI9HZONycYdhTBaxXI9w
Auto Approve; software Engineer; ; 5/25/26;Open; 5/25/26;; https://www.linkedin.com/jobs/view/4418417240/?trk=eml-email_job_alert_digest_01-primary_job_list-0-jobcard_body_1_jobid_4418417240_ssid_14583149764_fmid_mw6pip~mpkb6sew~ab&refId=ktnPoa9nQRpb8XhWA3KTmQ%3D%3D&trackingId=CrrKN7yDPhMq4ZoZLA5v5Q%3D%3D
Arrowhead Programs; Full Stack Developer; 130-140k; 5/25/26;Open; 5/25/26;; https://www.linkedin.com/jobs/view/4414349491/?trk=eml-email_job_alert_digest_01-primary_job_list-0-jobcard_body_4_jobid_4414349491_ssid_14583149764_fmid_mw6pip~mpkb6sew~ab&refId=ktnPoa9nQRpb8XhWA3KTmQ%3D%3D&trackingId=0uIfBo7NS2%2FTeRMNM64OPg%3D%3D
Radformation; Senior Software Engineer; ; 5/25/26; Rejected; 5/26/26; Rejection Received; https://www.glassdoor.com/job-listing/senior-software-engineer-radformation-JV_KO0,24_KE25,37.htm?jl=1010139948210&utm_source=jobalert&utm_medium=email&utm_content=ja-jobpos5-age4d-1010139948210&utm_campaign=jobAlertAlert&tgt=GD_JOB_VIEW&src=GD_JOB_AD&uido=7A57A36BECDA9E413E76BB41CD0D8A0B&ao=1136043&jrtk=5-yul1-0-1jpdpnnaggb25800-3c19402be84e264b&cs=1_033e4835&s=224&t=JA&pos=105&ja=380629936&guid=0000019e5b6f076e9071e7d229eaf05e&jobListingId=1010139948210&ea=1&vt=e&cb=1779653402245&ctt=1779715474399&srs=EMAIL_JOB_ALERT&gdir=1
Symmetry Lending; Senior Software Engineer; 145-165k; 5/25/26;Open; 5/25/26;; https://www.glassdoor.com/job-listing/senior-software-engineer-symmetry-lending-JV_KO0,24_KE25,41.htm?jl=1010142066076&utm_source=jobalert&utm_medium=email&utm_content=ja-jobpos8-age3d-1010142066076&utm_campaign=jobAlertAlert&tgt=GD_JOB_VIEW&src=GD_JOB_AD&uido=7A57A36BECDA9E413E76BB41CD0D8A0B&ao=1136043&jrtk=5-yul1-0-1jpdpnnaggb25800-1422b190c43693a0&cs=1_d91122e1&s=224&t=JA&pos=108&ja=380629936&guid=0000019e5b6f076e9071e7d229eaf05e&jobListingId=1010142066076&ea=1&vt=e&cb=1779653402245&ctt=1779715484954&srs=EMAIL_JOB_ALERT&gdir=1
Lumovy Technology solutions; .Net Tech Lead - Retail (GCP/Azure, OMS); ; 5/25/26; Rejected; 5/26/26; Rejection Received; https://jobright.ai/jobs/info/6a149602dc845f4be5bd281d?utm_source=1121&imp_id=3673496432511879909__instant_push__1779734737514_4968&utm_medium=email
FullStack; Principal Software Engineer (.NET + Data) - Remote - USA; ; 5/25/26; Rejected; 5/22/2026;; https://jobright.ai/jobs/info/69abb1212747003c3d514ce8?utm_source=1025&imp_id=3673496432511879909__digest_job_alert__1779730031866_732&utm_medium=email
Halvotec Group; Fullstack-Developer .NET, C#, .NET, React, TypeScript (m/w/d); ; 5/25/26; Rejected; 5/22/2026;; https://jobright.ai/jobs/info/6a13d2c783d714428983248e?utm_source=1025&imp_id=3673496432511879909__digest_job_alert__1779730031866_732&utm_medium=email
Amentum; Program Engineer (J id- R0161575); ; 5/25/26; Rejected; 5/27/26; Rejection Received; https://www.amentumcareers.com/jobs/program-engineer-west-palm-beach-florida-united-states?cid=346501a3a39b9c11575e321385857b20&utm_campaign=Job+Alert&utm_content=job_alert&utm_medium=email&utm_source=job_alert
Talenzen; Software Developer; 119-144k; 5/25/26;Open; 5/25/26;; https://www.glassdoor.com/job-listing/software-developer-talenzen-JV_KO0,18_KE19,27.htm?jl=1010144545579&utm_source=jobalert&utm_medium=email&utm_content=ja-jobpos6-agept-1010144545579&utm_campaign=jobAlertAlert&tgt=GD_JOB_VIEW&src=GD_JOB_AD&uido=7A57A36BECDA9E413E76BB41CD0D8A0B&ao=1136043&jrtk=5-yul1-0-1jpfpq4dukgqn800-e0d2ad27ff22629f&cs=1_875f7bbb&s=224&t=JA&pos=106&ja=399775333&guid=0000019e5f82ce8584401bddde99ee07&jobListingId=1010144545579&ea=1&vt=e&cb=1779720590024&ctt=1779735561237&srs=EMAIL_JOB_ALERT&gdir=1
Edia; Senior Backend Engineer; 180-250k; 5/25/26;Open; 5/25/26;; https://www.linkedin.com/jobs/view/4368250633/?trk=eml-email_job_alert_digest_01-primary_job_list-0-jobcard_body_3_jobid_4368250633_ssid_15257593108_fmid_mw6pip~mpldrnuv~yv&refId=gjERqpfCoQrAkjxIXDZtHw%3D%3D&trackingId=WhqM2gfAKK2pKmPLv62RPQ%3D%3D
Brook & Whittle; Automation Engineer; ; 5/25/26; Rejected; 6/8/26; Rejection Received; https://www.glassdoor.com/job-listing/automation-engineer-brook-whittle-JV_KO0,19_KE20,33.htm?jl=1010140990587&utm_source=jobalert&utm_medium=email&utm_content=ja-jobpos3-age4d-1010140990587&utm_campaign=jobAlertAlert&tgt=GD_JOB_VIEW&src=GD_JOB_AD&uido=7A57A36BECDA9E413E76BB41CD0D8A0B&ao=1110586&jrtk=5-yul1-0-1jpg8cn9jgbmn800-7ecf24f71ea50bb3---6NYlbfkN0ChE6GhBkDkKcmHnOQ2eUIo6PtbKCPEXK0ckpFbqQcFbmq-B0RUAXra2eU-nXg-HFEwz617_WvvkhnM00m7ulK3TPqFQTv3VM1OdV_qVxoyl3MWFtkEgwDFITI2L8o8dTrKfI9J9pwK3ru7Pu5aTbURzC6yBiKjEukj19YgUJBV9aJCeVlnp1sM3CA3WiFuhUMdGknzUVwAeXC_BcF2PMPB1YjJHw9JAxWgqiJY5Wmw86KQlbYXDQVNgh_ipHDo83i5gSYUD1vJUnC3NAam6PMPZ9uKLVNBVbAQ1LcjhWM7zIK35kFoBXDEUtotsL3VOoYI4oRRPNrQ-WNUe3VQ68oizZfFyul_YUNjwqct609gmt98it5SYl5qYmU4t-BNYUeYwFiffXtHcn68Pd1xR2JDnngcYahbHSdDV7P_OjZP2soQ2zOp-tzxTsxtYLPqoaKHhIQdOnK2o8rP7rkNbUYmAFkFMIRV95rpwLnC8ktSmRLLUFBMK8KBpJ8LAe07E7EaDk-skk7QuMLpkkwWx4nMI7CpKG-6GCPwhrTpnTxU0sHgVyHoehkZXHeEGv9aHfmGWKQNtYfaF9Z71HT5K3b6dXydWnVN8YNldPQ7c92oZS7IzpS1P-vFFkbpx2n5KmE4cF2q4De40L9xL6CfphSKXMEJil8cQGmnzFOb4Vcb8n19QxeFgksLXDpYRf7J5c46jEOme3yJKgl5Okkab0sC-Vb5UB-ERyUDhGZI_SKxT6p7DzUbM1Fl64Jc8re6FaRCZxxv3FH7A81M-qhdLzs2COyN9DlIzUvbYyzz_kF7vTgw0MFQy_x2xXTPPR0vH4HoNF_hBCCE0md7SfJuSdcQCYByP96H8R89DQdIy01SNtHFiy2SzJftLQBrkWJdbFR-er_lzxSBaPq9sBCAQ3FR54-qdnCl1BZi2RFKvHlyovvS43uHii_vl4LwynJu_xk%3D&cs=1_9b323459&s=224&t=JA&pos=103&cpc=0C139D4CAD5A6DB2&ja=408967590&guid=0000019e605e6837b048db34733f453a&jobListingId=1010140990587&vt=e&cb=1779735880028&ctt=1779735904342&srs=EMAIL_JOB_ALERT&gdir=1
Hy-Tek Intralogistics; Software Developer II; ; 5/25/26;Open; 5/25/26;; https://www.linkedin.com/jobs/view/4414373041/?trk=eml-email_job_alert_digest_01-primary_job_list-0-jobcard_body_0_jobid_4414373041_ssid_14583149772_fmid_mw6pip~mpk2m59b~j9&refId=iRhyG9dYkAtz0bpzxsM1NA%3D%3D&trackingId=faO97%2FIOmIcYrwSb9sD0%2Bg%3D%3D
Aptive Resources; Senior Programmer; ; 5/25/26;Open; 5/25/26;; https://www.linkedin.com/jobs/view/4418198777/?trk=eml-email_job_alert_digest_01-primary_job_list-0-jobcard_body_4_jobid_4418198777_ssid_14583149772_fmid_mw6pip~mpk2m59b~j9&refId=iRhyG9dYkAtz0bpzxsM1NA%3D%3D&trackingId=PfkuIX%2FMXGzvWzflFA4bQA%3D%3D
Navitus Health Solutions; Sr. Developer, application Systems; 85-104k; 5/25/26;Open; 5/25/26;; https://www.linkedin.com/jobs/view/4418180764/?trk=eml-email_job_alert_digest_01-primary_job_list-0-jobcard_body_5_jobid_4418180764_ssid_14583149772_fmid_mw6pip~mpk2m59b~j9&refId=iRhyG9dYkAtz0bpzxsM1NA%3D%3D&trackingId=mIkYjy1NXVTIUaiLoud5Xw%3D%3D
Function Health; Senior Full Stack Developer; ; 5/25/26; Rejected; 5/26/26; Rejection Received; https://jobright.ai/jobs/info/69a0504c0836fe79d86132cc?utm_source=1025&imp_id=3673496432511879909__digest_job_alert__1779642171747_9190&utm_medium=email
Kodisoft LLC; Dotnet Developer; ; 5/26/26; Rejected; 5/29/26; Rejection Received; https://www.linkedin.com/jobs/view/4419132106/?alternateChannel=search&eBP=NOT_ELIGIBLE_FOR_CHARGING&trk=d_flagship3_search_srp_jobs&refId=RSlIyQ%2FWW3KP86Zpnq9vlA%3D%3D&trackingId=Wskn4oK9WGAGR2p%2FnxI8rQ%3D%3D
Peaple Talent (Spaghetti Bridge?); Application Developer; ; 5/26/26;Open; 5/26/26;; https://www.linkedin.com/jobs/view/4418229459/?alternateChannel=search&eBP=NOT_ELIGIBLE_FOR_CHARGING&trk=d_flagship3_search_srp_jobs&refId=RSlIyQ%2FWW3KP86Zpnq9vlA%3D%3D&trackingId=GGFms9xhVyM9F6reuWnFuQ%3D%3D
Global IT & Consulting Services; .NET Full Stack Developer (WinForms); 50-70/hr; 5/26/26;Open; 5/26/26;; https://www.linkedin.com/jobs/search/?alertAction=viewjobs&currentJobId=4416729423&distance=25&f_TPR=a1779711981-&f_WT=1%2C3%2C2&geoId=104571664&keywords=application%20developer&origin=JOB_ALERT_IN_APP_NOTIFICATION&originToLandingJobPostings=4419132106%2C4418229459%2C4389426100%2C4419170201%2C4417892812%2C4398773344&savedSearchId=14583149772&sortBy=R
InfiCare Technologies; .NET Lead; ; 5/28/26;Open; 5/28/26;; https://www.dice.com/job-detail/ca8956f4-6364-493c-8af4-e0134b2a4e51
Syms Strategic Group, LLC; C#/.Net Developer; 85-115k; 5/28/26; Rejected; 5/29/26; Rejection Received; https://www.indeed.com/viewjob?jk=0b23d3613774bb01&tk=1jplk595rglj1801&from=serp&vjs=3
Buxton Company; Back End Software Engineer (C#/.NET); ; 5/28/26;Open; 5/28/26;; https://www.indeed.com/viewjob?jk=2a92e42a1c13dfa3&tk=1jplk595rglj1801&from=serp&vjs=3
Ampcus Inc; Senior .Net Application Developer [NFCUJP0016992]; ; 6/3/26;Open;; Received e-mail about remote long-term contract position.  Looks very interesting, responded that I am interested.; pawan.jaiswal@ampcus.com
Motion Recruitment; Senior PCD Support Technician; 35-40/hr; 6/3/26;Open; 6/3/26;; https://motionrecruitment.com/tech-jobs/knoxville-/contract/senior-pc-support-technician/873768?utm_source=appcast&utm_medium=feed&utm_campaign=ziprecruiter
Pathfinders Executive Search; Senior Dotnet Developer; 120-145k; 6/3/26;Open; 6/3/26;; https://jobright.ai/jobs/info/6a2080fd902d19201c7b2b2a?utm_source=1025&imp_id=3673496432511879909__digest_job_alert__1780521397922_9292&utm_medium=email
CloudIQ Technologies; Senior Software Engineer; ; 6/3/26;Open; 6/3/26;; https://jobright.ai/jobs/info/6a2062ae902d19201c7b1e05?utm_source=1025&imp_id=3673496432511879909__digest_job_alert__1780521397922_9292&utm_medium=email
Zealogics Inc; C# Developer - Fully Remote (WFH); ; 6/3/26;Open;; Seems to be located out of Taiwan; https://jobright.ai/jobs/info/6a1fe3b2338c012305116595?utm_source=1025&imp_id=3673496432511879909__digest_job_alert__1780521397922_9292&utm_medium=email
CBTS; Senior Solution Developer; 65-75/hr; 6/3/26;Open; 6/3/26;; https://jobright.ai/jobs/info/6a208108338c012305119936?utm_source=1025&imp_id=3673496432511879909__digest_job_alert__1780521397922_9292&utm_medium=email
1Password; .Net/C# Developer, SaaS Manager; 123-172k; 6/3/26;Open; 6/3/26;; https://jobright.ai/jobs/info/6a1f5402b61b2c65b37b15b6?utm_source=1025&imp_id=3673496432511879909__digest_job_alert__1780521397922_9292&utm_medium=email
Robert Half; Software Developer III; 35-45/hr; 6/3/26;Open; 6/3/26;; https://jobright.ai/jobs/info/6a20295dca8f0b365d79f42f?utm_source=1025&imp_id=3673496432511879909__digest_job_alert__1780521397922_9292&utm_medium=email
Seneca Resources; Senior .Net Application Developer -- 16992; 65/hr; 6/3/26;Open; 6/3/26;; https://jobright.ai/jobs/info/6a20386fc00e701fe8367e0b?utm_source=1025&imp_id=3673496432511879909__digest_job_alert__1780521397922_9292&utm_medium=email
PerfectServe; Software Engineer - US Remote (Knoxville, TN???); 120-140k; 6/3/26;Open; 6/3/26;; https://www.glassdoor.com/job-listing/software-engineer-us-remote-perfectserve-JV_IC1144394_KO0,27_KE28,40.htm?jl=1010155363849&utm_source=jobalert&utm_medium=email&utm_content=ja-jobpos6-age1d-1010155363849&utm_campaign=jobAlertAlert&tgt=GD_JOB_VIEW&src=GD_JOB_AD&uido=7A57A36BECDA9E413E76BB41CD0D8A0B&ao=1136043&jrtk=5-yul1-0-1jq7nau7ria7k800-1ae3aed71b3647b5&cs=1_4c7c68c9&s=224&t=JA&pos=106&ja=396299206&guid=0000019e8eef26ee98dd781241f9c6ee&jobListingId=1010155363849&ea=1&vt=e&cb=1780523301530&ctt=1780523351756&srs=EMAIL_JOB_ALERT&gdir=1
PublicInput; Software Engineer I; ; 6/3/26;Open; 6/3/26;; https://www.glassdoor.com/job-listing/software-engineer-i-publicinput-JV_KO0,19_KE20,31.htm?jl=1010155078258&utm_source=jobalert&utm_medium=email&utm_content=ja-jobpos7-age1d-1010155078258&utm_campaign=jobAlertAlert&tgt=GD_JOB_VIEW&src=GD_JOB_AD&uido=7A57A36BECDA9E413E76BB41CD0D8A0B&ao=1136043&jrtk=5-yul1-0-1jq7nau7ria7k800-9896caa79a68bbab&cs=1_37397b36&s=224&t=JA&pos=107&ja=396299206&guid=0000019e8eef26ee98dd781241f9c6ee&jobListingId=1010155078258&vt=e&cb=1780523301528&ctt=1780523359230&srs=EMAIL_JOB_ALERT&gdir=1
Prime Team Partners; Senior Software Engineer; 120-140k; 6/3/26;Open; 6/3/26;; https://www.linkedin.com/jobs/view/4423271444/?trk=eml-email_job_alert_digest_01-primary_job_list-0-jobcard_body_1_jobid_4423271444_ssid_15257593108_fmid_mw6pip~mpylla7k~45&refId=UztvHMggpKEgx0Qh%2BOR%2B5w%3D%3D&trackingId=R2csKY9PZK5yCPSw5bduwg%3D%3D
U.S. Office of Personnel Management; Application Software Engineer (GS13); 122-158k; 6/3/26;Open; 6/3/26;; https://www.glassdoor.com/job-listing/application-software-engineer-us-office-of-personnel-management-JV_KO0,29_KE30,63.htm?jl=1010156534036&utm_source=jobalert&utm_medium=email&utm_content=ja-jobpos4-agejp-1010156534036&utm_campaign=jobAlertAlert&tgt=GD_JOB_VIEW&src=GD_JOB_AD&uido=7A57A36BECDA9E413E76BB41CD0D8A0B&ao=1136043&jrtk=5-yul1-0-1jq7jsui5k3cr800-249060ad74496e63&cs=1_4b9709fb&s=224&t=JA&pos=104&ja=408968922&guid=0000019e8eb8291a927bf423a212d251&jobListingId=1010156534036&vt=e&cb=1780519697232&ctt=1780523450683&srs=EMAIL_JOB_ALERT&gdir=1
GPRS; Senior Back-End Developer; ; 5/6/26;Open; 5/6/26;; https://jobright.ai/jobs/info/69ea13e83aa0c479643aded3?utm_source=1121&imp_id=3673496432511879909__instant_push__1780667886759_217&utm_medium=email
Robert Half (Manhattan Beach CA); Software Engineer; 110-135k; 6/8/26;Open; 6/8/26;; https://www.dice.com/job-detail/b97cbed3-456d-4431-baed-88f0a8fe7811?utm_source=job_alerts&utm_medium=email&utm_content=intellisearch&utm_campaign=10016128&%243p=e_iterable&_branch_match_id=1579909737170103754&_branch_referrer=H4sIAAAAAAAAAzWM22qFMBBFvybnLWqM9aQFKaXl%2FIbkMuq0uTFGfOu3N0cozMPeazF7KyXvb23r0EKjc248xp9W5nfWDzJPMGMB0sbDrYJEuGLUfj7IT9vzk8kP1j%2FqnefZXBs2hVq%2Fk%2BEOikZfi3m9WwNO8uFldHwYpOBGg%2BNKLZ1WC9yVEEw%2BjhLmPR1kgcmvOjBrD1R21o9PE8DhEaqBcK1e0KZYIJZKsQbvcQdNdvu3OmSNa6xadJ0YRa9uvwQLEGFcZ0Pp3IGmz41SgD9D6%2F2CCQEAAA%3D%3D
CogniCapitalChain; Senior Backend Developer; 9-12k/mo; 6/8/26;Open; 6/8/26;; https://www.glassdoor.com/job-listing/looking-for-senior-backend-developer-cognicapitalchain-JV_KO0,36_KE37,54.htm?jl=1010156923232&utm_source=jobalert&utm_medium=email&utm_content=ja-jobpos2-age4d-1010156923232&utm_campaign=jobAlertAlert&tgt=GD_JOB_VIEW&src=GD_JOB_AD&uido=7A57A36BECDA9E413E76BB41CD0D8A0B&ao=1136043&jrtk=5-yul1-0-1jqjqc22n298r000-64b98fc78183eb98&cs=1_a87e39f6&s=224&t=JA&pos=102&ja=399775333&guid=0000019ea79cbb7184523af7131e260b&jobListingId=1010156923232&ea=1&vt=e&cb=1780929136991&ctt=1780932926864&srs=EMAIL_JOB_ALERT&gdir=1
Cinqminds LLC; .NET Developer; 40-50/hr; 6/8/26;Open; 6/8/26;; https://www.glassdoor.com/job-listing/net-developer-cinqminds-JV_KO0,13_KE14,23.htm?jl=1010153770156&utm_source=jobalert&utm_medium=email&utm_content=ja-jobpos6-age6d-1010153770156&utm_campaign=jobAlertAlert&tgt=GD_JOB_VIEW&src=GD_JOB_AD&uido=7A57A36BECDA9E413E76BB41CD0D8A0B&ao=1136043&jrtk=5-yul1-0-1jqjqc22n298r000-fde32c0099d09aeb&cs=1_85b70201&s=224&t=JA&pos=106&ja=399775333&guid=0000019ea79cbb7184523af7131e260b&jobListingId=1010153770156&ea=1&vt=e&cb=1780929136992&ctt=1780932943469&srs=EMAIL_JOB_ALERT&gdir=1
Peraton; .Net Software Developer (2026-167104); 86-138k; 6/8/26;Open; 6/8/26;; https://www.glassdoor.com/job-listing/net-software-developer-peraton-JV_IC1158535_KO0,22_KE23,30.htm?jl=1010146096984&utm_source=jobalert&utm_medium=email&utm_content=ja-jobpos8-age12d-1010146096984&utm_campaign=jobAlertAlert&tgt=GD_JOB_VIEW&src=GD_JOB_AD&uido=7A57A36BECDA9E413E76BB41CD0D8A0B&ao=1136043&jrtk=5-yul1-0-1jqjqc22n298r000-abf4c5566438e0c6&cs=1_6271d1a9&s=224&t=JA&pos=108&ja=399775333&guid=0000019ea79cbb7184523af7131e260b&jobListingId=1010146096984&vt=e&cb=1780929136990&ctt=1780932951394&srs=EMAIL_JOB_ALERT&gdir=1
Progressive Technology Solutions; .NET Application Developer; 75-79/hr; 6/8/26;Open; 6/8/26;; https://www.glassdoor.com/job-listing/net-application-developer-progressive-technology-solutions-JV_KO0,25_KE26,58.htm?jl=1010155530641&utm_source=jobalert&utm_medium=email&utm_content=ja-jobpos10-age5d-1010155530641&utm_campaign=jobAlertAlert&tgt=GD_JOB_VIEW&src=GD_JOB_AD&uido=7A57A36BECDA9E413E76BB41CD0D8A0B&ao=1136043&jrtk=5-yul1-0-1jqjqc22n298r000-370178a99c10aa9b&cs=1_04caf16e&s=224&t=JA&pos=110&ja=399775333&guid=0000019ea79cbb7184523af7131e260b&jobListingId=1010155530641&ea=1&vt=e&cb=1780929136992&ctt=1780932959147&srs=EMAIL_JOB_ALERT&gdir=1
Talezen; Software Engineer; 131-158k; 6/8/26;Open; 6/8/26;; https://www.glassdoor.com/job-listing/software-engineer-talenzen-JV_KO0,17_KE18,26.htm?jl=1010147152271&utm_source=jobalert&utm_medium=email&utm_content=ja-jobpos12-age11d-1010147152271&utm_campaign=jobAlertAlert&tgt=GD_JOB_VIEW&src=GD_JOB_AD&uido=7A57A36BECDA9E413E76BB41CD0D8A0B&ao=1136043&jrtk=5-yul1-0-1jqjqc22n298r000-dbdc6abb5e594190&cs=1_4def51ab&s=224&t=JA&pos=112&ja=399775333&guid=0000019ea79cbb7184523af7131e260b&jobListingId=1010147152271&ea=1&vt=e&cb=1780929136992&ctt=1780932970235&srs=EMAIL_JOB_ALERT&gdir=1
Visibol; Software Developer; 110-136k; 6/8/26;Open; 6/8/26;; https://www.glassdoor.com/job-listing/software-developer-visibol-JV_KO0,18_KE19,26.htm?jl=1010150275978&utm_source=jobalert&utm_medium=email&utm_content=ja-jobpos2-age9d-1010150275978&utm_campaign=jobAlertAlert&tgt=GD_JOB_VIEW&src=GD_JOB_AD&uido=7A57A36BECDA9E413E76BB41CD0D8A0B&ao=1136043&jrtk=5-yul1-0-1jqjq0d13m914801-553131ee058e0231&cs=1_d7522e6b&s=224&t=JA&pos=102&ja=378462087&guid=0000019ea79cb4a987effae7f0c6b4e3&jobListingId=1010150275978&ea=1&vt=e&cb=1780928755051&ctt=1780933001734&srs=EMAIL_JOB_ALERT&gdir=1
Better Planet LLC; Software Engineer (Mid-Senior) - Remote (Multiple Openings); 80-180k; 6/8/26;Open; 6/8/26;; https://www.glassdoor.com/job-listing/software-engineer-mid-senior-remote-multiple-openings-better-planet-JV_KO0,53_KE54,67.htm?jl=1010147147819&utm_source=jobalert&utm_medium=email&utm_content=ja-jobpos5-age11d-1010147147819&utm_campaign=jobAlertAlert&tgt=GD_JOB_VIEW&src=GD_JOB_AD&uido=7A57A36BECDA9E413E76BB41CD0D8A0B&ao=1136043&jrtk=5-yul1-0-1jqjq0d13m914801-cfb6c8dddbb05b34&cs=1_df383673&s=224&t=JA&pos=105&ja=378462087&guid=0000019ea79cb4a987effae7f0c6b4e3&jobListingId=1010147147819&ea=1&vt=e&cb=1780928755052&ctt=1780933019734&srs=EMAIL_JOB_ALERT&gdir=1
Progspectra; .NET Full Stack Developer; 55-60/hr; 6/8/26;Open; 6/8/26;; https://www.glassdoor.com/job-listing/net-full-stack-developer-progspectra-JV_KO0,24_KE25,36.htm?jl=1010150603334&utm_source=jobalert&utm_medium=email&utm_content=ja-jobpos8-age9d-1010150603334&utm_campaign=jobAlertAlert&tgt=GD_JOB_VIEW&src=GD_JOB_AD&uido=7A57A36BECDA9E413E76BB41CD0D8A0B&ao=1136043&jrtk=5-yul1-0-1jqjq0d13m914801-0225575f1f200a0b&cs=1_b8eabca9&s=224&t=JA&pos=108&ja=378462087&guid=0000019ea79cb4a987effae7f0c6b4e3&jobListingId=1010150603334&ea=1&vt=e&cb=1780928755052&ctt=1780933035178&srs=EMAIL_JOB_ALERT&gdir=1
Valon; Software Engineer; 170-200k; 6/8/26;Open; 6/8/26;; https://www.linkedin.com/jobs/view/4366533102/?trk=eml-email_job_alert_digest_01-primary_job_list-0-jobcard_body_2_jobid_4366533102_ssid_15257593100_fmid_mw6pip~mq59n9np~cz&refId=BPg4lCioPREKfk%2FAamOOyA%3D%3D&trackingId=67P5pjrxPEZHmL4hm6%2FswA%3D%3D
Infosys; Dot Net Developer; ; 6/8/26;Open; 6/8/26;; https://jobright.ai/jobs/info/6a26ed6f4ec8d737d6dfcac9?utm_source=1025&imp_id=3673496432511879909__digest_job_alert__1780937680651_3327&utm_medium=email
Cross River; Senior Software Engineer; 160-200k; 6/8/26;Open; 6/8/26;; https://jobright.ai/jobs/info/6997b996e0bddb6acac676a8?utm_source=1025&imp_id=3673496432511879909__digest_job_alert__1780937680651_3327&utm_medium=email
Career Soft Solutions inc.; Dotnet Developer; ;6/8/26;Open;6/8/26;; https://jobright.ai/jobs/info/6a26d9b67d827633afff6eb7?utm_source=1025&imp_id=3673496432511879909__digest_job_alert__1780937680651_3327&utm_medium=email
Varite Inc; SQL Server/ VB-ASP/ Crystal Reports Developer & Support; ; 6/8/26;Open; 6/8/26;; https://jobright.ai/jobs/info/6a26b12a12f020234225ffd7?utm_source=1025&imp_id=3673496432511879909__digest_job_alert__1780937680651_3327&utm_medium=email
Varite inc; Senior Full Sack & GenAI Developer; 65/hr; 6/8/26;Open; 6/8/26;; https://jobright.ai/jobs/info/6a26ea6a4ec8d737d6dfc8eb?utm_source=1121&imp_id=3673496432511879909__instant_push__1780935825773_4459&utm_medium=email
Clayton; Senior Software Engineer (JR131204); 96-151k; 6/8/26;Open; 6/8/26;; https://www.glassdoor.com/job-listing/senior-software-engineer-clayton-careers-JV_IC1144400_KO0,24_KE25,40.htm?jl=1010155322133&utm_source=jobactivity&utm_medium=email&utm_term=jobactcommodvar&utm_content=jas-click-follow-up-recentjobs-jobpos1-noage-1010155322133&utm_campaign=jas-click-follow-up&src=GD_JOB_AD&uido=7A57A36BECDA9E413E76BB41CD0D8A0B&ao=1136043&jrtk=5-yul1-3-1jqjv035c2nvvi00&cs=1_29d2b040&s=239&t=JA&pos=102&guid=0000019ea7f00c73bfa3147cd4aae4d7&jobListingId=1010155322133&vt=e&cb=1780933987575&ctt=1780940307451&gdir=1
Knox County, Tennessee; Team Lead Software Developer; 45.75-53.12/hr; 6/8/26;Open; 6/8/26;; https://www.glassdoor.com/job-listing/team-lead-software-developer-knox-county-government-JV_KO0,28_KE29,51.htm?jl=1010159494060&utm_source=jobactivity&utm_medium=email&utm_term=jobactcommodvar&utm_content=jas-click-follow-up-recentjobs-jobpos4-noage-1010159494060&utm_campaign=jas-click-follow-up&src=GD_JOB_AD&uido=7A57A36BECDA9E413E76BB41CD0D8A0B&ao=1136043&jrtk=5-yul1-3-1jqjv039g2o88i00&cs=1_365808e1&s=239&t=JA&pos=108&guid=0000019ea7f00d0986051ec16e617690&jobListingId=1010159494060&vt=e&cb=1780933987750&ctt=1780940329821&gdir=1
Forterra; Application Services Software Engineer; ; 6/8/26; Rejected; 6/10/26; Rejection Received; https://www.linkedin.com/jobs/view/4415131869/?trk=eml-email_job_alert_digest_01-primary_job_list-0-jobcard_body_2_jobid_4415131869_ssid_14583149764_fmid_mw6pip~mq5mi8y7~hv&refId=ErwIEXwfV1K%2BpZYv0yoJNA%3D%3D&trackingId=aAqXnOw%2F7aOLId%2FRd8zwaw%3D%3D
Applied Systems; Software Engineer / Sr. Software Engineer; ; 6/8/26;Open; 6/8/26;; https://www.linkedin.com/jobs/view/4325664626/?trk=eml-email_job_alert_digest_01-primary_job_list-0-jobcard_body_4_jobid_4325664626_ssid_14583149764_fmid_mw6pip~mq5mi8y7~hv&refId=ErwIEXwfV1K%2BpZYv0yoJNA%3D%3D&trackingId=sKW1wTSQVjG7cVGFFlDZxQ%3D%3D
One Call; Sr. Software Engineer; 120-192k; 6/8/26;Open; 6/8/26;; https://www.linkedin.com/jobs/view/4384600267/?trk=eml-email_job_alert_digest_01-primary_job_list-0-jobcard_body_2_jobid_4384600267_ssid_15257593108_fmid_mw6pip~mq5i7xak~pl&refId=FyF3aREGZtPAXZ9wTTzL0g%3D%3D&trackingId=MgobvHR%2F%2Bz3u%2B5%2Bx3Fe6UA%3D%3D
Tivity Health; Sr. Software Developer - remote opportunity; ; 6/8/26;Open; 6/8/26;; https://www.linkedin.com/jobs/view/4381181458/?trk=eml-email_jobs_facet_suggestions-JOBS_POSTING_SECTION_2-0-job_card_1_jobid_4381181458_sectionid_277008_fmid_mw6pip~mq5hze52~j&refId=ONqDlRUB1DG%2BTYmVVVv5qw%3D%3D&trackingId=iZH4LvhQQeo9aO9U%2Fy3EMQ%3D%3D
Insight Recruitment LLC; .NET Developer (C#, SQL & Azure) (Knoxville); 95-125/hr; 6/9/26;Open; 6/9/26;; https://www.ziprecruiter.com/jobs/v2/eyJsaXN0aW5nX2tleSI6Im9lQlllYTFtMFZJM0F5NUJIeFE1c3ciLCJtYXRjaF9pZCI6IjAxOWVhYzk4LWY1NWEtN2YzNi1hODViLTM5ZmFiZTdjYzY0YSIsImJpZF90cmFja2luZ19kYXRhIjoiQUFFUFVuVUg5NzcyMG1NRVhwd292UDNOcmxWaGZmdVhUSFUwRDgxVklwNUJ4THN3X2RNTEU5dTVKMmswMDJXWnhKSTNzcG9yTDlQVnpZYjFkYmsiLCJzb3VyY2VfcGxhY2VtZW50X2lkIjo0MzAyNH0=?tsid=111000153
Jobot Consulting (Sacramento CA Remote); Senior Software Engineer; 50-70/hr; 6/9/26;Open; 6/9/26;; https://jobot.com/details/senior-software-engineer/57fc605606?utm_source=DigestAlert&utm_campaign=A&utm_medium=SimilarCandidate_JobTitle
Infosys; Dot Net Developer; 64-95k; 6/9/26;Open; 6/9/26;; https://www.indeed.com/viewjob?jk=33bf9c8cda0f03c7&tk=1jqlkjn4jl82p804&from=jobi2a&advn=357631224894577&adid=429027909&ad=-6NYlbfkN0DFi1nmQQWK2fa3N4W3y7EUOEocZkWPqKP_f_xZ7ne8RTwYBKKxAoUUhw2fH2W3_htWNehYaBgKxHfCJ8U-3p5DCbKGryBk9uzgWUYBGvyM2-k8V8b_Y6YgOdmO3dIECBDwtx-_Rm2p-dLj1vXdSZHXCtWUWy9Bq8udLptNLAyXfkKzpnyirNumsqVwZ7CsTxjAaq7v_UBWgMbJXAVQebksBCC3tmZuYm_ORPsTbZtAcs-omOzqmc6qbhxy7m7P4EW_lxfSwgP0UmtTshRpV1T4iEQAnxHFg5ebHa1u2nboPq4gahpjXJauPw-bFW6QOjZ4zT5em-udf3_ao5Utex1wEtoYvVwixI-L_Vu9P3kHdGXr9syWtAzoWiGaYzjvq-CAUXL4csnov8EehsYVAvv6cnp1o84B_uSCRExW_5I8i9GmPl-MKB9eogafLpk8WgfmBBSQigNoNNaqGGLk3PqjfX0lhKEuOKPu7woPAZ72ZQDXBP6oWPdGhDNAhKltPHyVOKdy_GzrlxcyxdNolOiPRehgKcIn1XYmn2Qn5FtikCLWZNPxjbJGUEK9tYWOosYXvLm2xthvgIRZQ8QZMyC8nd1MbcPT8eI9srYfPbDR5g%3D%3D&sjdu=nNuwyMhGtOwyzghXRh1q-to8-aw1OCI2RVwBISL1XSMIhT1ucz72nEuH1Fltq2oVFgFWJ2zwLPqk2qqNwfUJJ5ONc1wxwrSrUAGSzpKuwPw903agsjpwhuIIwuV3XhFc-z2QozkGUuEFYVRJ3aADvA&acatk=1jqmc75m5gamb801&pub=21d85ca573e478f5e659e48885c828920cace3277f6b99df&i2af=jobi2a_multijob-en-US_email&camk=4HOcmqOLYrAk-5FMq91ioQ%3D%3D&jrtk=5-cmh1-1-1jqlkjmfamlfc800-33bf9c8cda0f03c7&xkcb=SoBJ6_M3iVhBMkaxap0JbzkdCdPP&xpse=SoD26_I3iWQTbXyA3x0IbzkdCdPP&xfps=1f275e1d-4f91-47ee-b88e-000c8e25ea52
Infosys; Dot Net Developer; 71-103k; 6/9/26;Open; 6/9/26;; https://www.indeed.com/viewjob?jk=d66fd09819020193&tk=1jqlkjn4jl82p804&from=jobi2a&advn=357631224894577&adid=429027909&ad=-6NYlbfkN0DFi1nmQQWK2fa3N4W3y7EUOEocZkWPqKP_f_xZ7ne8RTwYBKKxAoUUhw2fH2W3_htWNehYaBgKxAFrlz5hW3_LehRRFl1YIS0Y0mJ5sFW6JOj9xUHcrq0cLrqhvuR9sXskeP7FXUkVvavXcu3JY-vEEStJFPP_mJYEJiDyLP1S2JZWd_Tkc35yS275380pO6kjxr6nFdpyiP9jcveiblRx_9l_AhrobXtVMQA3T_c_0dZpG6UVSLppnFpR3HBLFTeFH1BXBdlyWumjvRBwc-BORvNy1tTx55F139tZ3hGsVuqkWVzT2EAygL9BGkeFtwCImx7ayAbfufm0hknVexVWDlqM8NM7FSZ51fpQ0x8sWGejXb9WEilm73QUj1yP2xIjVJfceMXBveTUl8hPJWEpdERVJnI9z-tD5OzAn9u8kvZ6w7Uupd4v7cSUNxhTdVftE00lFmWeHkmLynPNnDDUvlyRniWO4gsgBey1lk_WlkRj4fVYQIkWhTOMHrmvq84otaKZenx0BrZbnqbPOLsxRS402N0sYZgtf_uAWnZznFNyKNcCWUQkpKax1RAxiHYiq-pJm4aRM46UV5r3RKXd6naS1Ncb-QqPOuKPO-aHGg%3D%3D&sjdu=nNuwyMhGtOwyzghXRh1q-to8-aw1OCI2RVwBISL1XSMIhT1ucz72nEuH1Fltq2oVFgFWJ2zwLPqk2qqNwfUJJ5ONc1wxwrSrUAGSzpKuwPy0NYdvBOGqhPcg92rIfK7f-z2QozkGUuEFYVRJ3aADvA&acatk=1jqmc7g2cgaki801&pub=21d85ca573e478f5e659e48885c828920cace3277f6b99df&i2af=jobi2a_multijob-en-US_email&camk=4HOcmqOLYrAk-5FMq91ioQ%3D%3D&jrtk=5-cmh1-1-1jqlkjmfamlfc800-d66fd09819020193&xkcb=SoAl6_M3iVhBMk6xap0LbzkdCdPP&xpse=SoDh6_I3iWQR2TSA850IbzkdCdPP&xfps=b4744282-9c87-4585-9c9b-a4080406e39f
Triune Infomatics Inc; Senior .Net Developer; ; 6/9/26;Open; 6/9/26;; https://jobright.ai/jobs/info/6a275a057d827633afffa300?utm_source=1121&imp_id=3673496432511879909__instant_push__1780964089224_9178&utm_medium=email
Cortex; Senior Software Engineer, Backend; 165-195k; 6/9/26;Open; 6/9/26;; https://www.linkedin.com/jobs/view/4390701416/?trk=eml-email_jobs_viewed_job_reminder_01-job_card-0-jobcard_body_4390701416&refId=FwlQ%2FblJTZu%2ByveeoTuM2g%3D%3D&trackingId=tcjfDuCoR6iVRt%2FtExQ6lQ%3D%3D
Wisdom; Senior Software Engineer; 150-180k; 6/9/26;Open; 6/9/26;; https://www.linkedin.com/jobs/view/4398885324/?trk=eml-email_jobs_viewed_job_reminder_01-job_card-0-jobcard_body_4398885324&refId=%2FkGu%2FejRR46HWipT4F%2BKGQ%3D%3D&trackingId=13QpKEwwQemnYJBF%2FzW%2FKA%3D%3D
FIS, Inc; .Net with Microservices Developer - Pune (Pune, India); ; 6/10/26;Open; 6/10/26;; https://www.efinancialcareers.com/jobs-India-Pune-Net_with_Microservices_Developer_-_Pune.id24262008?stlt=VTJGc2RHVmtYMS9DcElrbittSmZJTzRjQ21BaHJERmo0anZ6WEdIeUdxY2pUdTA5OUhVbTk5SEUzcVpoajFWLw%3D%3D&utm_campaign=JS_NOWHIRING_DAILY_JOBS&utm_medium=EM_NOWHIRE&utm_source=AMS_US_ENG
Man Group plc, London England; C# Engineer; ; 6/10/26;Open; 6/10/26;; https://www.efinancialcareers.com/jobs-UK-London-Software_Engineer_-_C.id24074489?stlt=VTJGc2RHVmtYMS9DcElrbittSmZJTzRjQ21BaHJERmo0anZ6WEdIeUdxY2pUdTA5OUhVbTk5SEUzcVpoajFWLw%3D%3D&utm_campaign=JS_NOWHIRING_DAILY_JOBS&utm_medium=EM_NOWHIRE&utm_source=AMS_US_ENG
Fortil, Antwerp Belgium; Senior .NET Developer (H/F); ; 6/10/26;Open; 6/10/26;; https://www.efinancialcareers.com/jobs-Belgium-Antwerp-Senior_NET_Developer_HF.id23936718?stlt=VTJGc2RHVmtYMS9DcElrbittSmZJTzRjQ21BaHJERmo0anZ6WEdIeUdxY2pUdTA5OUhVbTk5SEUzcVpoajFWLw%3D%3D&utm_campaign=JS_NOWHIRING_DAILY_JOBS&utm_medium=EM_NOWHIRE&utm_source=AMS_US_ENG
DeMase Technical Services; Software Application Engineer; 100-140k; 6/10/26; Rejected; 6/10/26; Rejected because I do not have an active clearance; https://www.glassdoor.com/job-listing/software-application-engineer-demase-technical-services-JV_IC1144404_KO0,29_KE30,55.htm?jl=1010161798011&utm_source=jobalert&utm_medium=email&utm_content=ja-jobpos1-age1d-1010161798011&utm_campaign=jobAlertAlert&tgt=GD_JOB_VIEW&src=GD_JOB_AD&uido=7A57A36BECDA9E413E76BB41CD0D8A0B&ao=1136043&jrtk=5-yul1-0-1jqno2i52gb0v800-2c126488bc726ed8&cs=1_66c9cf58&s=224&t=JA&pos=101&ja=377506142&guid=0000019eaf1e210fb404a61d4ccaed5d&jobListingId=1010161798011&ea=1&vt=e&cb=1781060947203&ctt=1781109140723&srs=EMAIL_JOB_ALERT&gdir=1
Republic Services; Software Developer - .NET (R-173236); 83-114k; 6/10/26;Open; 6/10/26;; https://jobright.ai/jobs/info/6a284887883c0d3be6540fc0?utm_source=1121&imp_id=3673496432511879909__instant_push__1781054925271_4357&utm_medium=email
LingaTech; Senior .NET Developer; ; 6/10/26;Open; 6/10/26;; https://jobright.ai/jobs/info/6a28250d1dbd8437bebc90ea?utm_source=1121&imp_id=3673496432511879909__instant_push__1781054925271_4357&utm_medium=email
Y&L Consulting, Inc.; Lead .Net Developer; ; 6/10/26;Open; 6/10/26;; https://www.dice.com/job-detail/8031847d-5a00-4e10-9326-2d905988b1dc?utm_source=iterable&utm_medium=email&utm_campaign=6582207&utm_content=apply_nowhiring&%243p=e_iterable&_branch_match_id=1579909737170103754&_branch_referrer=H4sIAAAAAAAAAzWP3WrEIBCFn8a9MzGaZE0hlNKyryFGp4lb%2FzAG6U2fvSawMBfnfMOcw2w5x%2F2tbbVR0MgYG2v8T8viO6I9izMIkyHJxcKtgpDMary04kh23s5LxD4QfdQppTRXhgqu2mdYsIYsja2GE9bx%2Fq7xIAnBPXQET4yOmOqJDBPnS6cVYo8jO7GHIylA7OtVi%2Bh4cgfaHK5ycFfmBZV0UZrVVzwOnFJyfy2Cz%2BBz5fUj%2Byt8KJtJxq%2B3vwTfkE4plhTKDmn%2B3FJw8A9fMp2%2FCAEAAA%3D%3D
Y&L Consulting, Inc.; Sr .Net Developer; ; 6/10/26;Open; 6/10/26;; https://www.dice.com/job-detail/19ef48c3-dda4-4865-bdde-e459d420da64?utm_source=iterable&utm_medium=email&utm_campaign=6582207&utm_content=apply_nowhiring&%243p=e_iterable&_branch_match_id=1579909737170103754&_branch_referrer=H4sIAAAAAAAAAzWPzWrEMAyEn8Z7c7K1nTRbCKW07GsYx9Ymav2H4hB66bPXCSzoMPMJzaCllLy%2Bta1DC43JufEYf1qZ35lQMo%2BgsQCZycOlgkQ4YzReb%2BTH5bhk8oOJe51935szw6ZQ7XeauINi0FfzcoOHGqzkzhnF1dB3fHIOOKju5pS4OtMrJu9bCXpNG1lg8utZy0R%2F8AAOt1A5hDPzhNaEbHCOFffdIMT19blIsUAsldeP%2FK%2BOaV%2BQMM6XP4IH0CH1RGlfgcbPhVKAf17gumQIAQAA
OneStream Software LLC; Software Engineer I; 50-75/hr; 6/10/26;Open; 6/10/26;; https://www.dice.com/job-detail/2b6de800-26fd-4f46-970b-a40db6ed34ba
Inmar, Inc.; Principal Engineer, Healthcare; 164-273; 6/10/26;Open; 6/10/26;; https://www.dice.com/job-detail/fac01169-eda3-4aab-91a9-7d320ebda627
Tekniforce; Senior Full Stack .NET Engineer; 120-130k; 6/10/26;Open; 6/10/26;; https://www.dice.com/job-detail/d31d3f70-1189-4184-961f-bac93eeaf6c0
Accion Labs; Fully Remote - Backfill Position - Senior .Net Developer - 12+ months contract; ; 6/10/26;Open; 6/10/26;; https://www.dice.com/job-detail/ee415760-95b8-403a-b87b-d1b5718685ef
Empower Professionals; Remote  .Net Sitefinity Developer; ; 6/10/26;Open; 6/10/26;; https://www.dice.com/job-detail/a44c705a-fb1f-43c8-bdbe-0049cd501b1c
Futuremindz LLC; Dot Net Developer; 60-80k; 6/10/26;Open; 6/10/26;; https://www.dice.com/job-detail/0e639cdf-d1c3-4ce2-a216-59f11220fd10
Verisma; Sr. Software Engineer; 130-140k; 6/10/26;Open; 6/10/26;; https://www.linkedin.com/jobs/view/4414162389/?trk=eml-email_job_alert_digest_01-primary_job_list-0-jobcard_body_1_jobid_4414162389_ssid_15257593108_fmid_mw6pip~mq8hdxsj~ss&refId=KfzQW86U%2BxfbILl9x2%2F15Q%3D%3D&trackingId=V4LID5g6VFuHx%2BN8yI8vKg%3D%3D
Microsoft; Senior Software Engineer; ; 6/10/26;Open; 6/10/26;; https://www.linkedin.com/jobs/view/4426334149/?trk=eml-email_job_alert_digest_01-primary_job_list-0-jobcard_body_4_jobid_4426334149_ssid_15257593108_fmid_mw6pip~mq8hdxsj~ss&refId=KfzQW86U%2BxfbILl9x2%2F15Q%3D%3D&trackingId=OJv%2Fuljltrj4rf6EFdhJMQ%3D%3D
Franki; Senior Backend Engineer; ; 6/10/26;Open; 6/10/26;; https://www.linkedin.com/jobs/view/4426334149/?trk=eml-email_job_alert_digest_01-primary_job_list-0-jobcard_body_4_jobid_4426334149_ssid_15257593108_fmid_mw6pip~mq8hdxsj~ss&refId=KfzQW86U%2BxfbILl9x2%2F15Q%3D%3D&trackingId=OJv%2Fuljltrj4rf6EFdhJMQ%3D%3D
Aspira; Senior Software Engineer .NET; ; 6/10/26;Open; 6/10/26;; https://jobright.ai/jobs/info/6a283a092d6c332ee52e4757?utm_source=1025&imp_id=3673496432511879909__digest_job_alert__1781114286790_6426&utm_medium=email
Gainwell Technologies; .Net/C# Developer; 69-99k; 6/10/26;Open; 6/10/26;; https://jobright.ai/jobs/info/6a1cd0789111f771d1a1666b?utm_source=1025&imp_id=3673496432511879909__digest_job_alert__1781114286790_6426&utm_medium=email
FirstPro 360; Sr. Software Developer; ; 3/10/26;Open; 3/10/26;; https://jobright.ai/jobs/info/6a285f4cfd37e62bb47a8a96?utm_source=1025&imp_id=3673496432511879909__digest_job_alert__1781114286790_6426&utm_medium=email
Kforce Inc (Topeka KS); Senior .NET Developer; 60-70/hr; 6/10/26;Open; 6/10/26;; https://jobright.ai/jobs/info/6a2988ee0c4972328e7e3f5c?utm_source=1025&imp_id=3673496432511879909__digest_job_alert__1781114286790_6426&utm_medium=email
